0,1,2,3,4,5,6,7,8,9,10,11,12,13,14,15,16,17,18,19,20,21,22,23
,D-I AVG:,109.7,0.4897,"EFF. FG%
51.4","TURNOVER%
16.9","REBOUND%
30.6","FT RATE
35.2","2-PT %
51.7","3-PT %
34.0","3P RATE
39.6",67.2,,,,,,,,,,,,
RK,TEAM,CONF,G,REC,ADJOE,ADJDE,BARTHAG,EFG%,EFGD%,TOR,TORD,ORB,DRB,FTR,FTRD,2P%,2P%D,3P%,3P%D,3PR,3PRD,ADJ T.,WAB
1,Michigan,B10,27,25-2,"129.1
4","91.6
2",".9811
1","58.6
7","43.5
2","16.5
154","16.4
200","36.3
25","28.7
88","39.7
70","27.2
20","62.3
2","43.2
3","35.7
73","29.2
6","42.3
128","41.5
250","71.8
13","+10.0
1"
2,Arizona,B12,27,25-2,"125.6
13","91.4
1",".9748
2","55.0
46","44.8
4","15.2
74","17.5
133","38.7
6","26.1
20","42.1
38","28.9
40","55.8
51","43.5
4","35.4
90","31.4
48","26.5
363","37.1
105","70.5
29","+9.2
3"
3,Houston,B12,27,23-4,"127.5
6","93.4
6",".9727
3","52.1
144","46.5
16","12.8
3","21.4
12","36.7
20","31.1
199","26.6
352","40.0
292","52.8
136","46.1
15","34.0
176","31.3
46","42.1
131","42.0
265","62.9
353","+6.9
6"
4,Duke,ACC,27,25-2,"126.5
9","92.7
4",".9727
4","57.5
14","46.1
13","15.9
118","18.7
77","36.9
17","25.3
12","37.7
116","22.6
2","61.6
4","46.1
15","34.8
135","30.7
30","43.5
100","44.8
329","65.7
260","+9.8
2"
5,Florida,SEC,27,21-6,"125.4
14","92.3
3",".9716
5","53.1
96","45.9
11","16.6
158","15.5
260","42.6
2","24.1
4","38.9
81","34.0
149","58.1
24","44.9
6","30.1
341","31.9
65","38.7
201","34.1
30","70.2
37","+5.7
14"
6,Illinois,B10,28,22-6,"133.9
1","98.7
27",".9708
6","55.7
32","47.3
29","13.6
13","11.5
365","39.5
3","26.6
28","34.0
217","19.4
1","57.9
25","46.6
17","35.7
73","32.2
77","51.4
8","41.1
241","65.3
282","+6.4
9"
7,Purdue,B10,27,22-5,"131.1
2","98.6
26",".9636
7","57.9
10","51.0
156","13.6
13","16.5
192","35.6
38","26.0
19","29.4
323","25.6
11","58.5
19","52.1
205","38.0
19","33.1
129","40.4
163","45.7
342","65.1
296","+7.1
5"
8,Iowa St.,B12,27,23-4,"124.9
17","95.3
10",".9573
8","57.8
12","48.7
59","15.4
84","21.8
8","36.1
28","28.6
83","35.3
178","26.9
18","56.8
41","49.5
89","39.6
4","31.8
62","38.1
216","42.7
286","67.1
190","+6.1
10"
9,Connecticut,BE,28,25-3,"124.2
20","95.6
13",".9530
9","56.3
25","45.7
8","16.2
137","18.2
94","34.5
59","28.5
79","30.8
288","41.0
305","57.1
38","45.9
14","36.6
46","30.1
16","39.8
174","35.6
61","65.2
292","+8.3
4"
10,Texas Tech,B12,27,20-7,"126.0
11","98.1
22",".9466
10","55.9
30","49.2
78","15.3
79","15.3
272","33.7
81","28.8
95","28.1
339","32.2
103","53.3
115","50.5
118","39.2
9","31.3
46","46.9
35","34.8
45","67.0
192","+4.8
16"
11,Nebraska,B10,27,23-4,"119.5
51","93.2
5",".9462
11","56.2
26","46.9
22","14.1
22","19.3
47","25.6
329","27.8
59","26.1
359","25.1
7","59.0
15","49.4
86","35.8
67","29.5
9","51.2
9","48.7
358","66.9
196","+6.5
7"
12,Vanderbilt,SEC,27,21-6,"124.9
18","97.8
20",".9435
12","56.0
29","47.4
33","13.5
11","18.2
94","31.1
165","29.9
140","38.2
104","40.7
301","57.4
32","48.8
64","36.2
57","30.2
21","44.6
74","38.5
146","69.5
64","+4.5
20"
13,Tennessee,SEC,27,20-7,"122.4
30","96.1
16",".9417
13","52.7
117","47.4
33","17.9
254","16.4
200","45.0
1","27.4
47","41.0
50","35.3
182","52.8
136","48.9
70","34.9
127","30.4
24","32.5
322","45.1
333","65.5
268","+4.6
19"
14,Louisville,ACC,27,20-7,"125.4
16","98.6
25",".9409
14","56.9
18","47.6
38","16.7
172","17.1
155","33.4
90","26.9
36","35.1
185","32.5
107","60.1
9","47.1
27","36.1
61","32.3
82","53.1
3","39.6
182","70.3
35","+3.5
24"
15,Kansas,B12,27,20-7,"121.5
37","95.6
12",".9404
15","53.3
92","45.3
6","15.3
79","13.7
343","28.7
246","30.2
160","32.9
237","25.9
12","53.5
105","45.3
10","35.4
90","30.1
16","35.9
253","43.3
301","67.0
193","+5.4
15"
16,Gonzaga,WCC,29,27-2,"121.4
38","95.5
11",".9401
16","56.4
23","46.7
20","13.5
11","20.6
18","35.6
38","24.5
7","31.7
268","32.6
111","58.8
16","47.1
27","33.8
187","30.7
30","29.8
352","43.3
301","69.3
71","+6.5
8"
17,"Michigan St.
   (H) 36 Ohio St. (won)",B10,27,22-5,"120.0
47","94.5
8",".9398
17","53.1
96","46.9
22","17.6
234","15.2
278","39.0
5","22.2
1","36.0
161","30.9
78","53.3
115","47.2
37","35.2
103","31.0
38","36.9
234","46.3
347","65.6
263","+5.9
11"
18,Virginia,ACC,27,24-3,"122.4
29","96.7
18",".9377
18","54.8
50","45.2
5","15.9
118","16.1
224","39.5
3","28.6
83","34.3
209","34.3
158","55.6
53","45.2
9","36.0
63","30.1
16","46.2
40","36.2
82","65.4
274","+5.8
13"
19,St. John's,BE,27,22-5,"120.7
41","96.2
17",".9308
19","51.7
164","47.7
41","14.9
52","19.8
28","36.5
23","30.6
176","43.6
20","32.2
103","51.9
174","47.0
26","34.2
161","32.6
99","33.7
302","34.2
32","69.9
48","+4.6
18"
20,Alabama,SEC,27,20-7,"129.6
3","103.5
69",".9299
20","55.5
37","48.7
59","13.0
5","12.2
364","31.6
148","32.3
267","38.3
101","34.8
167","57.7
26","48.4
56","35.7
73","32.8
109","53.6
1","34.5
37","73.2
4","+5.8
12"
21,Arkansas,SEC,27,20-7,"128.8
5","103.0
61",".9284
21","57.0
17","50.7
141","12.3
1","16.1
224","32.5
114","31.9
243","35.8
163","30.6
70","57.2
35","53.3
245","37.9
23","31.1
41","34.7
280","39.8
186","70.4
32","+4.4
21"
22,Saint Louis,A10,27,25-2,"122.3
31","99.8
30",".9126
22","60.7
2","42.9
1","17.3
209","16.4
200","32.5
114","26.4
25","34.6
203","37.6
245","59.6
12","43.1
2","41.4
1","28.4
3","44.9
66","41.1
241","71.8
15","+3.1
27"
23,N.C. State,ACC,27,19-8,"123.6
23","101.1
38",".9092
23","56.5
22","51.1
163","13.3
10","18.9
69","27.9
272","29.5
124","34.5
205","36.9
226","54.3
79","51.3
162","39.6
4","33.8
164","43.8
93","45.4
338","69.0
89","+1.9
36"
24,Utah St.,MWC,27,23-4,"124.6
19","102.2
46",".9072
24","57.8
12","48.3
53","15.8
111","20.9
15","34.8
53","32.3
267","37.8
113","39.1
278","60.3
8","47.3
40","36.2
57","33.2
137","40.5
159","41.2
244","67.6
158","+3.3
26"
25,BYU,B12,27,20-7,"126.1
10","103.6
70",".9057
25","55.4
39","49.9
105","15.0
59","15.9
240","34.4
64","28.2
72","35.6
171","28.5
37","57.1
38","49.9
100","35.3
93","33.3
139","40.1
165","38.9
160","69.6
61","+4.6
17"
RK,TEAM,CONF,G,REC,ADJOE,ADJDE,BARTHAG,EFG%,EFGD%,TOR,TORD,ORB,DRB,FTR,FTRD,2P%,2P%D,3P%,3P%D,3PR,3PRD,ADJ T.,WAB
26,"Iowa
   (A) 27 Wisconsin (lost)",B10,27,19-8,"122.7
28","100.9
34",".9046
26","56.7
19","51.4
184","15.1
64","20.9
15","31.1
165","28.7
88","35.8
163","37.9
252","58.6
18","53.4
252","35.9
65","32.1
75","40.7
156","39.1
170","63.0
351","+2.5
31"
27,"Wisconsin
   (H) 26 Iowa (won)",B10,27,19-8,"125.4
15","103.2
64",".9039
27","54.2
62","51.2
172","13.2
8","14.8
309","29.6
217","26.8
31","34.4
206","31.8
94","55.6
53","52.0
201","35.3
93","33.3
139","50.7
12","40.3
210","69.0
87","+3.0
28"
28,North Carolina,ACC,27,21-6,"122.3
32","101.0
37",".9000
28","54.2
62","47.4
33","13.6
13","13.7
343","32.3
119","28.1
69","38.6
94","24.3
4","57.0
40","45.5
11","33.6
200","33.9
174","42.0
134","35.9
73","67.7
156","+4.0
22"
29,Santa Clara,WCC,29,23-6,"123.7
22","102.5
53",".8965
29","55.1
43","51.5
192","16.1
129","20.7
17","36.6
22","30.5
172","26.5
353","38.2
265","57.6
28","52.8
227","34.6
149","32.9
115","44.3
83","37.4
114","69.9
50","+1.9
37"
30,Indiana,B10,27,17-10,"123.5
24","102.4
52",".8964
30","56.1
27","48.0
48","14.9
52","15.2
278","27.4
285","29.5
124","35.7
168","37.1
232","60.0
10","48.3
53","34.8
135","31.7
55","51.0
10","36.8
96","66.3
230","+1.1
45"
31,Saint Mary's,WCC,29,25-4,"119.4
52","99.1
28",".8948
31","53.1
96","46.4
15","16.6
158","15.5
260","37.0
16","24.0
3","37.2
129","26.1
13","50.9
215","46.6
17","38.1
16","30.7
30","35.3
269","36.8
96","65.4
275","+3.3
25"
32,Villanova,BE,27,21-6,"121.6
35","101.0
36",".8939
32","53.9
69","51.2
172","15.0
59","19.1
54","34.3
67","32.3
267","32.3
252","28.1
30","54.0
90","51.4
169","35.8
67","33.8
164","45.6
50","38.0
134","64.0
332","+3.8
23"
33,SMU,ACC,27,19-8,"126.9
7","105.9
103",".8895
33","56.6
20","50.7
141","15.5
91","17.5
133","34.9
49","32.0
250","32.3
252","31.8
94","56.5
43","51.8
188","37.9
23","33.0
122","34.7
280","46.7
351","69.0
91","+2.0
34"
34,Texas A&M,SEC,27,19-8,"122.2
33","102.0
45",".8889
34","55.1
43","50.6
134","14.9
52","18.6
80","33.5
87","31.9
243","36.7
147","35.1
177","55.0
61","52.2
209","36.8
39","32.2
77","47.0
33","42.3
275","70.9
25","+1.6
40"
35,Clemson,ACC,28,20-8,"116.0
78","96.9
19",".8880
35","53.1
96","47.9
43","14.8
48","17.6
123","29.1
232","25.1
9","37.1
132","33.8
140","54.9
63","48.3
53","33.9
183","31.5
51","43.1
105","42.1
269","63.9
334","+1.8
39"
36,"Ohio St.
   (A) 17 Michigan St. (lost)",B10,27,17-10,"123.7
21","103.3
65",".8877
36","55.6
36","49.3
80","15.4
84","16.1
224","31.8
141","31.6
223","36.6
150","34.5
163","58.2
21","51.4
169","34.3
158","30.8
34","39.4
182","40.3
210","66.4
222","+1.0
46"
37,Auburn,SEC,27,15-12,"125.8
12","105.8
100",".8797
37","52.0
150","53.1
261","14.2
26","16.7
185","38.5
8","32.1
260","45.7
5","34.2
154","53.2
119","52.3
213","33.3
217","36.1
296","38.5
205","40.7
228","67.2
183","+1.2
43"
38,Cincinnati,B12,27,15-12,"111.7
134","94.2
7",".8758
38","50.1
230","47.6
38","17.3
209","18.7
77","30.7
176","26.8
31","30.4
305","29.3
49","51.1
208","47.7
47","32.5
253","31.6
54","43.7
97","40.5
217","67.9
139","-1.8
70"
39,Kentucky,SEC,27,17-10,"120.1
46","101.7
41",".8719
39","53.6
81","48.1
50","15.1
64","15.7
251","34.6
56","30.0
149","37.5
120","35.5
189","54.5
74","48.5
58","34.8
135","31.7
55","39.4
182","40.0
196","67.7
154","+2.0
35"
40,UCLA,B10,27,18-9,"121.0
40","102.8
57",".8667
40","53.3
92","50.4
120","13.9
19","18.6
80","31.1
165","32.7
285","35.3
178","36.3
209","51.4
194","53.6
262","37.9
23","30.9
36","35.1
270","45.1
333","65.0
300","+1.8
38"
41,Georgia,SEC,27,19-8,"123.0
26","104.7
79",".8651
41","54.0
68","49.5
86","14.3
30","19.1
54","36.1
28","35.6
345","37.1
132","30.4
68","57.6
28","49.2
79","32.8
245","33.4
145","43.0
109","36.5
87","72.3
8","+2.0
33"
42,Texas,SEC,27,17-10,"126.8
8","108.0
141",".8646
42","55.4
39","50.5
126","15.2
74","13.9
337","37.2
14","27.3
43","47.6
2","40.7
301","57.2
35","48.9
70","34.9
127","35.7
274","37.0
233","34.2
32","66.6
215","+0.6
48"
43,San Diego St.,MWC,26,18-8,"111.9
127","95.3
9",".8633
43","52.5
127","47.9
43","17.5
227","21.4
12","30.0
204","30.8
185","36.8
141","37.7
246","52.3
155","46.6
17","35.3
93","32.8
109","33.3
310","48.7
358","68.6
105","-0.20
58"
44,Miami FL,ACC,27,21-6,"120.4
44","102.6
54",".8629
44","55.7
32","51.0
156","16.0
122","18.3
90","37.2
14","25.5
15","37.9
108","29.7
55","58.2
21","49.1
78","33.7
192","35.8
280","31.5
333","40.3
210","68.3
122","+2.4
32"
45,New Mexico,MWC,27,21-6,"117.7
61","101.3
39",".8494
45","54.3
58","48.8
64","15.5
91","19.3
47","29.4
226","27.8
59","35.6
171","31.9
100","54.1
84","52.9
232","36.5
50","29.6
10","42.5
125","48.5
357","69.6
63","+1.3
41"
46,Washington,B10,27,13-14,"117.5
66","101.7
43",".8391
46","51.1
188","49.8
104","15.7
104","14.8
309","34.6
56","28.7
88","30.7
294","31.8
94","52.9
129","50.2
108","31.8
288","32.8
109","33.8
296","37.8
127","66.4
228","-2.8
84"
47,Missouri,SEC,27,18-9,"120.4
43","104.8
81",".8318
47","55.7
32","50.5
126","17.8
248","16.0
236","35.9
30","31.1
199","43.2
25","35.5
189","57.2
35","47.3
40","35.3
93","36.4
307","36.6
239","44.4
323","66.3
231","+1.3
42"
48,Minnesota,B10,27,13-14,"115.3
84","101.4
40",".8146
48","53.8
71","50.6
134","16.8
176","17.3
144","28.8
238","29.0
104","38.4
97","29.0
41","56.0
48","50.8
133","34.2
161","33.4
145","47.3
30","40.9
234","62.8
357","-3.7
94"
49,VCU,A10,28,21-7,"119.8
48","105.4
93",".8143
49","54.2
62","49.1
74","15.8
111","17.3
144","33.6
85","30.2
160","45.7
5","34.9
170","54.1
84","48.4
56","36.3
55","33.8
164","44.5
81","33.4
20","69.3
73","+0.6
49"
50,UCF,B12,26,19-7,"121.5
36","106.9
117",".8140
50","53.9
69","52.7
239","16.1
129","16.3
209","35.2
44","27.8
59","30.1
310","33.9
144","52.8
136","54.5
292","37.4
28","33.4
145","35.1
270","40.2
207","68.7
101","+2.7
30"
RK,TEAM,CONF,G,REC,ADJOE,ADJDE,BARTHAG,EFG%,EFGD%,TOR,TORD,ORB,DRB,FTR,FTRD,2P%,2P%D,3P%,3P%D,3PR,3PRD,ADJ T.,WAB
51,Virginia Tech,ACC,28,18-10,"117.0
68","103.1
63",".8100
51","52.4
134","50.4
120","14.8
48","17.5
133","31.7
144","32.5
279","34.7
200","27.6
25","51.7
183","53.7
266","35.6
78","30.2
21","39.4
182","39.8
186","66.8
202","-0.02
55"
52,Grand Canyon,MWC,27,17-10,"110.7
151","97.9
21",".8030
52","50.5
214","47.2
26","17.8
248","17.7
119","32.2
125","26.7
29","38.8
85","36.9
226","53.6
102","47.1
27","30.4
330","31.5
51","38.6
202","38.8
157","67.7
155","-2.2
73"
53,Baylor,B12,27,14-13,"120.1
45","106.4
108",".8025
53","53.6
81","51.3
180","16.9
186","16.1
224","36.9
17","32.0
250","36.1
159","29.9
57","54.6
72","51.0
144","34.8
135","34.5
211","39.7
179","34.6
39","68.0
136","-2.1
72"
54,USC,B10,27,18-9,"113.6
103","100.6
32",".8014
54","51.2
185","48.8
64","17.5
227","17.0
159","33.3
93","31.6
223","46.8
3","35.4
184","52.3
155","51.4
169","32.7
247","30.1
16","33.5
305","41.5
250","70.6
28","+1.1
44"
55,South Florida,Amer,27,19-8,"118.5
58","105.4
94",".7932
55","51.1
188","49.1
74","15.6
96","18.1
103","38.1
11","32.1
260","43.3
23","39.1
278","52.2
162","46.7
22","33.2
225","35.3
245","44.1
88","38.6
149","71.2
21","-1.4
65"
56,Oklahoma,SEC,27,13-14,"122.9
27","109.5
176",".7912
56","54.3
58","51.8
202","14.6
37","14.9
301","33.7
81","32.5
279","35.2
183","33.8
140","54.8
67","51.9
196","35.8
67","34.5
211","45.0
63","38.9
160","66.2
235","-2.9
89"
57,California,ACC,27,19-8,"116.0
77","103.4
67",".7897
57","52.9
109","48.9
67","15.1
64","15.8
246","26.1
320","31.0
193","38.5
96","36.2
206","49.9
254","51.6
179","38.0
19","30.1
16","42.4
127","41.4
249","67.3
179","+0.33
51"
58,TCU,B12,27,17-10,"113.2
108","100.9
35",".7888
58","51.0
196","50.8
147","16.1
129","19.6
32","33.8
75","29.2
112","38.8
85","30.7
71","51.7
183","50.5
118","33.3
217","34.2
194","36.8
235","37.6
118","67.4
171","+0.18
52"
59,Boise St.,MWC,27,16-11,"117.9
60","105.3
90",".7871
59","52.2
142","52.8
245","16.6
158","15.0
289","31.4
151","24.4
6","42.8
34","33.1
122","52.0
170","52.7
220","35.0
120","35.4
253","42.6
122","36.7
92","65.6
262","-2.2
74"
60,Arizona St.,B12,27,14-13,"117.6
63","105.3
92",".7805
60","51.4
178","53.6
280","16.0
122","19.3
47","30.5
183","33.8
313","39.8
67","34.7
165","51.5
191","53.7
266","34.1
169","35.6
265","38.2
215","40.3
210","68.9
97","-1.7
68"
61,Seton Hall,BE,28,19-9,"106.7
229","95.8
14",".7765
61","47.6
321","46.6
17","16.9
186","22.1
5","35.6
38","31.9
243","36.3
156","42.1
323","48.4
297","45.5
11","30.3
335","32.0
70","26.7
362","42.6
282","65.3
287","-0.05
56"
62,West Virginia,B12,27,16-11,"109.4
166","98.2
23",".7761
62","51.3
180","47.9
43","17.4
220","18.1
103","30.4
186","27.7
55","36.1
159","28.1
30","52.6
144","44.8
5","33.1
226","35.2
241","42.8
116","38.7
154","62.4
362","-1.3
63"
63,LSU,SEC,27,14-13,"119.3
53","107.1
127",".7759
63","52.9
109","50.6
134","15.1
64","14.7
316","33.4
90","31.8
236","41.1
48","38.1
260","54.9
63","48.8
64","32.8
245","35.7
274","34.5
284","38.4
143","66.2
232","-2.8
85"
64,Wake Forest,ACC,27,14-13,"117.6
62","105.6
98",".7755
64","52.7
117","52.4
231","15.6
96","19.0
60","30.0
204","33.2
301","34.9
192","36.8
223","54.3
79","54.9
301","33.8
187","33.1
129","44.5
81","46.8
353","68.3
124","-2.6
79"
65,Northwestern,B10,27,11-16,"116.4
74","104.5
77",".7743
65","51.2
185","50.0
110","12.8
3","16.9
168","27.3
289","34.7
325","35.1
185","35.9
203","52.7
141","50.7
126","32.2
267","32.6
99","34.5
284","40.1
204","65.8
254","-4.5
105"
66,Providence,BE,27,12-15,"123.0
25","110.6
198",".7737
66","54.9
48","51.3
180","16.6
158","13.0
357","32.9
101","31.2
206","37.9
108","33.9
144","56.1
47","49.2
79","35.5
84","36.4
307","40.9
152","39.3
175","71.5
18","-4.7
111"
67,"Tulsa
   (H) 343 UTSA (won)",Amer,28,22-6,"122.2
34","109.8
181",".7731
67","57.2
15","50.5
126","15.5
91","15.2
278","32.2
125","28.5
79","41.2
45","31.6
90","55.4
56","50.2
108","39.6
4","34.1
191","46.0
42","39.8
186","67.9
140","-1.0
62"
68,Belmont,MVC,29,25-4,"120.5
42","108.3
153",".7727
68","60.9
1","49.0
71","18.4
278","17.7
119","28.8
238","29.6
133","33.6
226","29.9
57","61.3
5","47.1
27","40.3
3","34.0
183","44.6
74","49.1
360","68.9
96","+0.9
47"
69,Butler,BE,28,15-13,"118.7
57","106.7
114",".7724
69","51.4
178","51.8
202","15.6
96","15.4
266","35.0
47","30.4
165","42.9
30","25.3
8","51.9
174","53.1
240","33.7
192","33.0
122","35.6
260","36.7
92","68.2
127","-2.9
88"
70,Florida St.,ACC,27,14-13,"116.5
73","104.8
85",".7713
70","50.9
200","52.1
221","15.4
84","19.0
60","31.3
156","32.0
250","35.0
188","32.9
116","53.8
92","52.6
215","32.0
279","34.3
200","50.9
11","44.3
322","70.9
24","-2.4
76"
71,Nevada,MWC,27,18-9,"117.5
65","105.8
101",".7690
71","49.9
243","51.2
172","14.5
36","17.2
149","32.7
107","28.7
88","45.2
9","38.1
260","46.7
331","50.1
106","37.6
27","35.0
234","33.1
313","44.2
321","65.3
284","-0.9
59"
72,Syracuse,ACC,28,15-13,"116.2
76","104.8
82",".7676
72","52.9
109","49.5
86","16.1
129","17.8
115","29.8
211","33.2
301","36.6
150","34.3
158","54.8
67","48.9
70","33.0
230","33.6
155","36.2
242","34.7
44","67.6
163","-2.6
80"
73,Akron,MAC,27,22-5,"119.2
54","107.5
134",".7663
73","58.2
9","51.2
172","15.2
74","18.5
85","33.8
75","30.9
189","29.0
328","30.8
76","59.3
14","49.6
92","37.9
23","35.6
265","45.1
62","42.6
282","70.4
33","-0.9
60"
74,Stephen F. Austin,Slnd,28,25-3,"113.8
101","102.7
55",".7655
74","52.3
138","47.0
24","14.4
33","17.4
138","34.5
59","28.5
79","30.8
288","30.7
71","50.5
230","47.8
49","36.5
50","30.4
24","40.4
163","35.1
51","65.8
255","+0.47
50"
75,Stanford,ACC,27,16-11,"114.3
95","103.4
68",".7590
75","50.2
224","51.0
156","16.0
122","18.6
80","32.3
119","28.8
95","37.4
125","40.7
301","49.3
273","51.4
169","34.2
161","33.5
152","44.6
74","33.0
17","67.4
173","-1.8
69"
RK,TEAM,CONF,G,REC,ADJOE,ADJDE,BARTHAG,EFG%,EFGD%,TOR,TORD,ORB,DRB,FTR,FTRD,2P%,2P%D,3P%,3P%D,3PR,3PRD,ADJ T.,WAB
76,Miami OH,MAC,27,27-0,"119.1
55","108.2
150",".7515
76","60.1
4","50.9
150","14.9
52","18.2
94","25.5
334","27.6
53","40.5
55","31.8
94","62.1
3","51.7
186","38.5
12","33.0
122","44.7
71","38.0
134","70.0
46","+2.9
29"
77,George Washington,A10,27,15-12,"118.9
56","108.1
143",".7505
77","54.9
48","52.1
221","17.7
241","17.6
123","36.3
25","28.8
95","35.3
178","34.1
152","56.5
43","54.2
282","35.5
84","32.9
115","47.0
33","42.7
286","69.2
78","-5.9
136"
78,McNeese St.,Slnd,28,23-5,"115.0
86","104.8
84",".7454
78","51.6
170","49.4
82","14.4
33","24.6
1","35.8
33","35.4
341","37.8
113","41.9
320","53.2
119","48.3
53","32.3
262","33.7
158","35.1
270","46.4
349","66.1
243","+0.02
54"
79,Georgetown,BE,27,13-14,"115.0
88","105.0
88",".7401
79","49.4
269","49.6
91","14.9
52","16.2
216","32.6
109","31.4
214","39.6
72","36.4
212","49.8
258","49.7
96","32.4
259","32.9
115","35.6
260","40.9
234","66.2
233","-4.3
103"
80,Utah Valley,WAC,27,20-7,"112.5
117","102.8
56",".7382
80","54.7
52","48.4
54","20.9
352","21.9
6","36.2
27","31.6
223","35.7
168","38.2
265","57.3
34","47.2
37","33.0
230","33.9
174","32.9
315","32.6
14","68.9
93","-2.5
78"
81,Mississippi St.,SEC,27,13-14,"114.1
97","104.5
76",".7337
81","51.3
180","49.4
82","15.5
91","12.7
360","30.9
171","29.4
122","32.1
260","32.7
114","53.2
119","50.5
118","32.2
267","31.7
55","39.8
174","38.5
146","69.0
88","-3.7
93"
82,Creighton,BE,28,14-14,"116.7
70","107.0
121",".7314
82","53.8
71","51.1
163","16.7
172","13.8
341","27.6
279","30.8
185","28.0
342","25.0
6","55.3
58","50.2
108","34.8
135","35.3
245","48.4
24","32.2
11","67.1
188","-2.5
77"
83,Northern Iowa,MVC,29,18-11,"107.3
218","98.5
24",".7276
83","52.9
109","47.3
29","14.6
37","18.3
90","21.6
360","25.6
16","25.0
364","29.5
51","54.7
71","50.5
118","33.4
214","28.5
5","39.8
174","40.6
224","61.9
365","-5.2
121"
84,Mississippi,SEC,27,11-16,"113.9
99","104.8
83",".7235
84","50.0
237","51.0
156","14.2
26","17.2
149","28.8
238","32.7
285","33.3
231","41.1
307","50.2
243","51.1
150","33.0
230","33.9
174","37.4
228","42.8
289","65.5
267","-4.5
107"
85,Colorado,B12,27,15-12,"117.1
67","108.0
142",".7167
85","53.1
96","52.5
238","14.3
30","15.9
240","29.9
207","29.9
140","35.6
171","34.8
167","53.2
119","50.8
133","35.3
93","37.0
331","34.8
278","37.2
109","68.2
132","-2.4
75"
86,Oklahoma St.,B12,27,16-11,"115.0
87","106.3
107",".7130
86","52.1
144","52.1
221","16.5
154","16.9
168","30.7
176","30.3
164","38.9
81","32.9
116","52.9
129","51.9
196","33.8
187","35.0
234","36.1
247","43.1
297","72.1
10","-1.3
64"
87,Dayton,A10,27,18-9,"111.4
139","103.0
60",".7116
87","51.9
155","51.3
180","17.2
200","21.9
6","27.8
274","30.4
165","47.7
1","35.4
184","52.9
129","48.8
64","33.7
192","36.5
313","40.8
154","41.2
244","67.6
162","-2.0
71"
88,Xavier,BE,27,13-14,"115.5
81","106.9
117",".7095
88","51.6
170","52.9
247","14.1
22","15.9
240","26.4
314","29.0
104","27.2
350","33.9
144","49.3
273","53.9
271","36.6
46","34.0
183","41.0
149","35.0
50","70.2
39","-3.9
96"
89,Colorado St.,MWC,27,17-10,"119.6
50","110.7
199",".7091
89","58.5
8","53.3
265","18.4
278","14.9
301","31.1
165","28.8
95","40.3
60","32.8
115","57.6
28","53.6
262","39.5
7","35.3
245","48.9
20","44.5
324","62.2
363","-2.9
86"
90,Yale,Ivy,25,21-4,"121.3
39","112.3
241",".7076
90","56.4
23","52.3
228","14.1
22","16.0
236","33.8
75","28.6
83","36.8
141","29.0
41","53.6
102","51.8
188","41.0
2","35.3
245","36.2
242","44.1
317","65.1
295","-0.11
57"
91,Marquette,BE,27,9-18,"113.1
109","104.8
80",".7061
91","50.2
224","51.7
198","15.9
118","18.8
72","30.4
186","34.3
323","32.6
245","32.4
106","51.7
183","51.6
179","32.1
275","34.6
216","41.3
146","38.9
160","69.2
79","-7.7
186"
92,High Point,BSth,30,26-4,"117.5
64","109.0
167",".7045
92","55.1
43","51.2
172","13.0
5","22.6
4","32.6
109","31.5
219","43.2
25","35.3
182","58.2
21","52.6
215","34.1
169","32.8
109","43.2
104","41.9
262","69.6
62","-1.6
67"
93,Notre Dame,ACC,27,12-15,"114.9
90","106.5
112",".7044
93","52.5
127","51.3
180","17.0
193","14.4
328","32.4
118","26.3
23","32.8
240","34.2
154","51.9
174","52.8
227","35.6
78","33.1
129","42.9
112","47.0
354","65.4
279","-4.7
112"
94,Wichita St.,Amer,28,18-10,"111.0
142","103.1
62",".7013
94","49.6
257","47.5
36","15.1
64","16.4
200","38.0
12","29.4
122","37.2
129","34.7
165","49.0
282","48.5
58","33.7
192","30.4
24","34.1
292","33.9
25","65.9
250","-4.2
100"
95,Oregon,B10,27,10-17,"113.0
110","105.3
91",".6921
95","49.6
257","51.4
184","18.2
271","15.9
240","33.4
90","31.8
236","35.8
163","33.5
132","50.8
219","51.3
162","32.0
279","34.3
200","43.5
100","40.5
217","65.5
266","-5.9
135"
96,Utah,B12,27,10-17,"115.8
79","108.1
144",".6882
96","52.0
150","52.9
247","16.4
146","13.9
337","29.7
214","31.8
236","32.3
252","30.0
61","51.6
187","54.0
273","35.1
115","33.7
158","38.3
211","33.8
24","66.8
201","-6.6
158"
97,Hofstra,CAA,29,19-10,"114.6
92","107.1
125",".6846
97","51.9
155","46.6
17","16.0
122","15.0
289","34.2
69","30.9
189","31.5
271","35.4
184","48.8
286","44.9
6","37.4
28","32.7
102","42.3
128","39.9
192","64.9
302","-5.2
120"
98,South Carolina,SEC,27,12-15,"113.2
107","105.9
104",".6826
98","51.0
196","50.8
147","14.1
22","14.8
309","26.6
307","32.4
277","37.2
129","35.0
172","54.4
76","52.6
215","31.0
318","31.7
55","43.6
98","35.5
59","66.4
224","-5.0
116"
99,DePaul,BE,27,14-13,"108.7
185","101.8
44",".6821
99","50.5
214","49.7
95","17.6
234","18.7
77","30.6
180","30.8
185","37.0
136","37.7
246","51.5
191","47.1
27","32.6
250","36.5
313","39.4
182","33.5
22","66.1
241","-4.2
99"
100,Wyoming,MWC,27,15-12,"115.4
83","108.2
148",".6787
100","52.1
144","52.0
215","16.8
176","16.9
168","34.6
56","26.8
31","36.8
141","48.8
361","53.8
92","53.4
252","33.3
217","33.1
129","43.8
93","37.0
103","66.2
236","-4.4
104"
RK,TEAM,CONF,G,REC,ADJOE,ADJDE,BARTHAG,EFG%,EFGD%,TOR,TORD,ORB,DRB,FTR,FTRD,2P%,2P%D,3P%,3P%D,3PR,3PRD,ADJ T.,WAB
101,Pacific,WCC,30,17-13,"111.8
129","104.8
86",".6778
101","53.0
105","49.7
95","20.3
346","15.0
289","34.8
53","24.6
8","31.1
282","36.3
209","51.8
181","48.8
64","36.8
39","34.0
183","35.0
274","42.1
269","64.4
321","-5.7
128"
102,Davidson,A10,27,16-11,"112.5
116","105.6
96",".6751
102","53.5
89","51.8
202","16.6
158","17.9
110","29.5
223","31.0
193","31.2
277","36.6
220","51.9
174","53.2
243","37.1
32","32.9
115","43.6
98","37.2
109","63.3
348","-4.8
113"
103,Kansas St.,B12,27,11-16,"113.7
102","106.7
115",".6748
103","53.6
81","51.9
210","17.3
209","17.2
149","30.5
183","34.0
317","26.1
359","36.0
204","52.8
136","52.7
220","36.5
50","33.8
164","41.6
142","38.1
137","72.0
11","-5.1
117"
104,Liberty,CUSA,27,23-4,"118.4
59","111.1
208",".6732
104","60.2
3","52.0
215","13.7
16","17.8
115","18.9
365","32.5
279","32.0
264","26.2
14","61.0
6","49.9
100","39.5
7","37.0
331","46.8
36","38.1
137","64.1
329","+0.10
53"
105,Seattle,WCC,29,17-12,"102.2
304","96.0
15",".6710
105","49.4
269","47.9
43","17.4
220","21.1
14","24.7
343","31.8
236","33.4
230","34.2
154","49.4
270","48.6
60","32.9
242","31.2
43","39.0
193","37.1
105","68.0
134","-5.1
118"
106,Illinois St.,MVC,29,18-11,"109.5
164","102.9
59",".6701
106","53.8
71","49.0
71","16.8
176","16.4
200","28.8
238","25.2
10","31.0
284","33.5
132","54.8
67","49.4
86","34.9
127","32.0
70","41.9
136","34.1
30","66.7
209","-5.7
129"
107,Illinois Chicago,MVC,29,16-13,"109.5
163","103.4
66",".6588
107","49.2
277","49.2
78","18.0
263","20.2
22","36.9
17","32.7
285","35.9
162","34.3
158","50.0
250","50.7
126","31.8
288","31.7
55","33.5
305","46.4
349","66.1
237","-7.5
179"
108,Sam Houston St.,CUSA,27,19-8,"114.4
93","108.3
152",".6530
108","52.7
117","50.6
134","17.0
193","16.3
209","34.9
49","30.7
181","34.2
211","37.3
238","51.0
211","52.7
220","37.0
34","31.8
62","37.1
231","41.6
256","70.1
40","-3.2
90"
109,"Memphis
   (H) 128 UAB (lost)",Amer,27,12-15,"107.3
217","101.7
42",".6492
109","48.7
294","47.9
43","19.8
338","19.4
43","35.6
38","35.4
341","33.8
223","42.7
329","49.2
275","50.5
118","31.8
288","29.8
14","35.0
274","44.1
317","69.4
68","-6.7
159"
110,Hawaii,BW,26,19-7,"106.2
242","100.8
33",".6448
110","51.7
164","45.7
8","19.3
323","17.0
159","31.9
134","25.2
10","44.0
17","35.8
200","54.4
76","47.1
27","31.8
288","28.4
3","39.4
182","30.9
7","69.6
59","-3.6
92"
111,"Florida Atlantic
   (A) 149 North Texas (lost)",Amer,28,15-13,"111.2
140","105.6
97",".6447
111","52.3
138","49.6
91","17.4
220","16.1
224","31.9
134","28.8
95","32.4
251","36.2
206","53.8
92","48.6
60","33.4
214","34.3
200","39.4
182","36.3
84","69.7
55","-7.2
171"
112,North Dakota St.,Sum,29,23-6,"113.8
100","108.3
155",".6384
112","53.6
81","52.4
231","15.8
111","19.2
52","34.4
64","26.9
36","30.4
305","29.0
41","53.7
99","52.9
232","35.6
78","34.5
211","42.5
125","42.1
269","66.1
242","-2.9
87"
113,UC Irvine,BW,28,18-10,"104.4
262","99.4
29",".6366
113","49.2
277","44.7
3","17.9
254","18.6
80","30.4
186","32.1
260","35.7
168","28.0
27","48.7
288","41.6
1","33.7
192","33.3
139","28.7
357","36.6
91","68.3
121","-5.7
131"
114,Pittsburgh,ACC,27,10-17,"111.9
126","106.7
113",".6347
114","50.6
210","52.9
247","17.3
209","16.3
209","33.8
75","28.5
79","30.5
301","32.5
107","50.8
219","53.4
252","33.5
208","34.7
224","42.9
112","41.0
239","63.8
337","-6.9
164"
115,Duquesne,A10,27,16-11,"112.1
122","106.9
119",".6325
115","53.8
71","51.4
184","17.9
254","18.0
106","29.6
217","29.9
140","39.5
73","41.1
307","55.4
56","51.3
162","34.6
149","34.4
206","44.7
71","39.8
186","69.7
56","-5.3
123"
116,Saint Joseph's,A10,27,17-10,"107.3
219","102.4
50",".6312
116","48.6
298","48.1
50","17.3
209","15.7
251","32.2
125","31.4
214","30.0
312","26.4
16","51.2
200","47.1
27","30.4
330","33.1
129","45.6
50","38.6
149","67.6
160","-4.6
110"
117,Washington St.,WCC,29,12-17,"116.5
72","111.4
218",".6258
117","55.5
37","53.3
265","18.5
286","14.7
316","29.4
226","27.9
64","31.8
266","33.1
122","55.6
53","52.7
220","36.9
36","36.2
300","45.0
63","37.7
120","67.3
177","-8.9
223"
118,Cal Baptist,WAC,27,19-8,"106.9
226","102.4
51",".6208
118","47.3
332","46.7
20","18.4
278","16.4
200","38.7
6","26.9
36","36.7
147","36.2
206","46.8
329","47.5
44","32.2
267","30.2
21","31.9
329","32.6
14","65.4
276","-2.8
83"
119,St. Thomas,Sum,29,21-8,"115.2
85","110.5
197",".6152
119","59.8
5","51.9
210","14.0
21","17.6
123","22.0
355","27.7
55","35.2
183","30.3
66","63.8
1","54.2
282","36.7
44","32.4
90","45.7
48","40.9
234","68.8
99","-4.3
102"
120,UC Santa Barbara,BW,28,17-11,"116.9
69","112.2
237",".6150
120","55.3
41","53.6
280","18.2
271","17.4
138","31.8
141","26.4
25","37.4
125","42.8
332","53.8
92","53.6
262","38.1
16","35.8
280","43.9
90","36.8
96","63.8
335","-6.7
160"
121,UNLV,MWC,27,14-13,"115.6
80","111.0
204",".6150
121","53.1
96","52.9
247","16.8
176","17.8
115","31.7
144","31.6
223","41.8
44","46.0
352","54.1
84","52.1
205","34.2
161","36.2
300","35.6
260","37.1
105","70.0
43","-5.8
133"
122,UT Rio Grande Valley,Slnd,28,16-12,"112.0
125","107.6
135",".6125
122","54.3
58","48.4
54","17.9
254","16.5
192","29.1
232","32.4
277","29.0
328","38.8
272","53.7
99","49.5
89","36.8
39","31.2
43","43.3
103","39.0
168","66.5
218","-7.0
167"
123,Fresno St.,MWC,27,12-15,"108.4
192","104.3
75",".6090
123","51.1
188","51.8
202","18.5
286","19.1
54","28.8
238","30.1
155","35.8
163","29.9
57","53.0
127","56.2
323","32.3
262","30.6
28","41.5
145","43.4
305","68.2
133","-7.7
187"
124,Murray St.,MVC,30,20-10,"116.5
71","112.2
236",".6088
124","54.3
58","51.9
210","16.6
158","16.1
224","33.5
87","31.1
199","38.2
104","31.4
87","56.2
46","50.9
139","34.7
144","36.5
313","45.2
60","27.5
2","71.4
20","-3.8
95"
125,Maryland,B10,27,11-16,"112.4
119","108.2
151",".6081
125","48.3
308","55.1
325","18.4
278","15.8
246","33.8
75","30.4
165","38.9
81","35.1
177","48.2
302","54.2
282","32.2
267","37.5
346","45.7
48","42.8
289","66.4
226","-4.1
97"
RK,TEAM,CONF,G,REC,ADJOE,ADJDE,BARTHAG,EFG%,EFGD%,TOR,TORD,ORB,DRB,FTR,FTRD,2P%,2P%D,3P%,3P%D,3PR,3PRD,ADJ T.,WAB
126,UC San Diego,BW,28,19-9,"107.7
208","103.9
71",".6024
126","52.8
114","48.0
48","16.6
158","16.5
192","26.5
311","27.9
64","30.8
288","30.1
63","54.6
72","47.3
40","33.6
200","32.7
102","42.9
112","42.0
265","67.5
168","-4.6
109"
127,"Wright St.
   (H) 163 Robert Morris (lost)",Horz,29,18-11,"113.5
104","109.6
178",".5982
127","54.2
62","53.0
258","16.6
158","16.7
185","33.0
99","29.2
112","37.7
116","32.6
111","54.5
74","54.0
273","35.7
73","34.0
183","34.4
287","33.9
25","66.4
227","-7.0
170"
128,"UAB
   (A) 109 Memphis (won)",Amer,28,18-10,"109.1
174","105.5
95",".5962
128","48.0
316","49.6
91","12.6
2","16.5
192","32.9
101","27.2
42","37.0
136","29.0
41","50.5
230","50.7
126","28.2
360","32.0
70","30.8
345","39.3
175","69.1
83","-4.6
108"
129,UNC Wilmington,CAA,28,24-4,"110.9
144","107.4
131",".5919
129","50.6
210","47.2
26","14.7
42","15.2
278","34.5
59","26.8
31","44.8
14","30.3
66","49.1
280","49.2
79","35.3
93","29.7
12","38.3
211","42.3
275","64.5
317","-1.0
61"
130,Southern Illinois,MVC,29,14-15,"103.3
287","100.2
31",".5868
130","49.6
257","49.1
74","17.5
227","18.5
85","30.2
195","27.8
59","32.7
244","31.9
100","52.3
155","51.3
162","28.5
355","30.6
28","28.7
357","40.7
228","69.1
82","-8.5
209"
131,George Mason,A10,27,21-6,"110.9
145","107.7
137",".5852
131","53.0
105","49.6
91","15.9
118","16.4
200","30.7
176","28.2
72","45.2
9","29.2
48","54.4
76","49.9
100","33.6
200","32.8
109","34.4
287","44.1
317","64.0
330","-1.5
66"
132,San Francisco,WCC,30,15-15,"113.4
105","110.3
192",".5784
132","51.0
196","50.9
150","16.1
129","13.4
349","31.2
160","28.3
76","39.8
67","29.9
57","50.6
228","50.4
115","34.4
155","34.6
216","45.9
45","36.0
76","65.4
277","-6.5
151"
133,Bradley,MVC,29,19-10,"111.2
141","108.3
154",".5741
133","51.1
188","52.0
215","13.9
19","19.5
35","27.0
299","28.6
83","34.7
200","36.9
226","48.8
286","51.4
169","36.2
57","35.3
245","41.0
149","40.6
224","67.4
172","-4.9
115"
134,Penn St.,B10,28,11-17,"115.5
82","112.6
245",".5735
134","52.8
114","58.3
363","15.0
59","18.2
94","27.3
289","31.5
219","33.0
234","27.4
23","55.9
49","58.6
354","31.8
288","38.6
362","38.0
218","43.8
312","67.4
170","-6.1
142"
135,William & Mary,CAA,27,16-11,"111.7
133","109.3
169",".5632
135","54.8
50","51.1
163","17.2
200","18.8
72","26.7
305","31.6
223","40.5
55","35.5
189","57.7
26","52.8
227","34.0
176","32.7
102","43.5
100","44.8
329","72.6
6","-6.5
150"
136,Rhode Island,A10,27,15-12,"106.9
224","104.7
78",".5611
136","50.9
200","51.0
156","18.8
304","21.6
9","31.7
144","31.5
219","40.9
52","43.1
333","54.1
84","48.9
70","31.1
312","36.0
289","42.8
116","41.5
250","65.5
265","-6.3
148"
137,Boston College,ACC,27,9-18,"105.0
255","102.8
58",".5601
137","47.2
334","48.9
67","15.3
79","14.8
309","28.4
259","29.0
104","32.2
256","35.0
172","48.4
297","50.2
108","30.3
335","31.2
43","42.1
131","37.9
130","65.5
269","-9.6
234"
138,Austin Peay,ASun,27,21-6,"108.7
186","106.5
110",".5601
138","52.5
127","50.6
134","15.2
74","18.8
72","29.3
230","29.8
136","37.0
136","33.2
125","52.4
153","52.7
220","35.2
103","31.7
55","38.1
216","40.4
215","68.6
103","-2.6
81"
139,Cal St. Northridge,BW,28,18-10,"110.2
156","108.1
146",".5566
139","51.8
160","51.5
192","17.4
220","16.5
192","31.9
134","26.2
22","35.6
171","35.5
189","52.1
168","50.9
139","34.2
161","34.7
224","32.7
318","49.3
361","73.2
3","-5.2
122"
140,Rutgers,B10,27,11-16,"111.7
132","109.7
179",".5528
140","47.4
328","53.3
265","15.7
104","16.6
190","31.7
144","33.3
304","36.8
141","30.1
63","46.8
329","51.6
179","32.2
267","37.3
343","35.4
267","39.3
175","65.4
273","-5.1
119"
141,Northern Colorado,BSky,28,18-10,"112.6
115","110.8
200",".5453
141","55.9
30","50.2
114","16.0
122","12.3
363","27.9
272","24.2
5","27.7
345","39.5
282","58.4
20","51.8
188","35.1
115","31.5
51","42.0
134","35.1
51","68.3
126","-5.9
134"
142,Valparaiso,MVC,29,16-13,"108.8
182","107.1
126",".5439
142","47.3
332","50.4
120","15.7
104","17.0
159","32.9
101","30.5
172","38.8
85","35.7
199","46.1
341","51.9
196","33.0
230","31.9
65","36.2
242","37.3
111","64.9
307","-6.8
161"
143,Loyola Marymount,WCC,29,14-15,"107.5
213","105.8
102",".5437
143","52.4
134","48.6
58","17.9
254","16.5
192","26.6
307","32.3
267","31.4
273","32.5
107","52.3
155","47.1
27","35.0
120","34.2
194","41.6
142","35.6
61","67.3
176","-8.3
204"
144,Bowling Green,MAC,28,16-12,"106.6
231","105.1
89",".5425
144","51.9
155","50.9
150","17.2
200","19.0
60","28.8
238","27.3
43","36.4
153","37.9
252","52.2
162","51.6
179","34.1
169","33.3
139","34.3
290","43.2
299","67.9
138","-8.0
191"
145,Montana St.,BSky,28,15-13,"110.1
158","108.5
157",".5411
145","52.5
127","51.7
198","14.8
48","16.1
224","27.0
299","29.5
124","31.8
266","30.4
68","52.7
141","52.2
209","34.8
135","33.9
174","43.8
93","34.5
37","65.8
256","-7.8
189"
146,Portland St.,BSky,26,18-8,"103.7
274","102.4
49",".5376
146","51.1
188","47.3
29","17.8
248","17.7
119","30.3
192","27.5
51","36.8
141","44.4
344","51.5
191","48.2
51","33.5
208","30.7
30","33.6
303","38.7
154","66.9
195","-4.2
101"
147,Arkansas St.,SB,29,18-11,"111.5
137","110.1
190",".5374
147","51.9
155","50.4
120","19.9
340","15.0
289","38.3
9","27.3
43","38.1
106","37.3
238","53.8
92","51.1
150","33.1
226","32.8
109","44.9
66","38.6
149","71.6
17","-6.3
149"
148,Kent St.,MAC,27,20-7,"110.7
150","109.3
172",".5348
148","51.7
164","51.6
196","18.8
304","16.1
224","35.9
30","29.3
118","45.2
9","38.3
269","51.7
183","51.6
179","34.6
149","34.5
211","44.6
74","41.7
257","70.8
26","-2.7
82"
149,"North Texas
   (H) 111 Florida Atlantic (won)",Amer,28,16-12,"103.5
280","102.3
48",".5332
149","45.9
349","48.4
54","17.8
248","21.5
11","34.5
59","33.3
304","40.4
57","44.2
342","47.7
312","49.5
89","28.1
361","31.0
38","32.3
327","37.3
111","64.7
313","-6.6
152"
150,Troy,SB,29,18-11,"111.4
138","110.2
191",".5327
150","51.3
180","50.7
141","16.6
158","16.9
168","33.5
87","31.4
214","35.5
175","32.5
107","52.2
162","52.0
201","33.5
208","32.4
90","46.5
38","38.1
137","65.3
283","-6.2
144"
RK,TEAM,CONF,G,REC,ADJOE,ADJDE,BARTHAG,EFG%,EFGD%,TOR,TORD,ORB,DRB,FTR,FTRD,2P%,2P%D,3P%,3P%D,3PR,3PRD,ADJ T.,WAB
151,"Merrimack
   (H) 249 Iona (won)",MAAC,29,20-9,"108.3
194","107.1
124",".5323
151","49.5
265","46.6
17","15.1
64","19.6
32","24.5
344","40.6
365","40.2
61","38.2
265","49.8
258","47.6
45","32.7
247","29.6
10","45.8
46","32.5
12","63.3
349","-4.5
106"
152,Harvard,Ivy,25,15-10,"108.6
188","107.4
132",".5319
152","53.8
71","50.8
147","16.8
176","17.2
149","26.7
305","29.1
108","27.2
350","28.7
38","53.5
105","52.2
209","36.2
57","32.5
96","38.9
195","40.5
217","62.5
360","-6.0
140"
153,Middle Tennessee,CUSA,27,13-14,"110.7
149","109.6
177",".5299
153","51.3
180","51.1
163","16.5
154","14.7
316","30.2
195","28.1
69","30.8
288","37.3
238","52.5
149","51.1
150","33.3
217","34.1
191","45.4
57","35.8
70","64.9
304","-8.4
206"
154,Toledo,MAC,27,14-13,"114.2
96","113.1
252",".5285
154","53.6
81","54.7
313","15.1
64","18.3
90","29.7
214","34.8
329","33.5
227","27.5
24","53.3
115","55.5
311","36.3
55","35.6
265","32.7
318","39.8
186","68.3
125","-8.2
198"
155,Navy,Pat,29,23-6,"105.8
248","104.9
87",".5243
155","52.7
117","47.6
38","17.2
200","18.1
103","31.1
165","26.3
23","39.8
67","26.5
17","52.6
144","50.7
126","35.4
90","29.2
6","32.5
322","45.2
336","65.2
289","-3.3
91"
156,East Tennessee St.,SC,29,21-8,"109.6
162","108.8
163",".5224
156","55.2
42","50.5
126","15.1
64","19.0
60","28.5
255","26.9
36","34.9
192","35.4
184","56.6
42","52.1
205","35.2
103","32.4
90","37.8
223","47.8
356","66.1
240","-4.9
114"
157,UC Davis,BW,28,17-11,"109.3
169","108.7
162",".5154
157","52.6
125","52.3
228","17.9
254","19.7
29","26.6
307","30.8
185","41.2
45","38.5
270","52.2
162","52.9
232","35.5
84","34.3
200","42.8
116","38.9
160","68.5
114","-6.3
147"
158,Temple,Amer,27,15-12,"111.6
136","111.0
206",".5150
158","49.6
257","50.2
114","13.7
16","15.5
260","30.6
180","31.0
193","41.9
43","35.5
189","49.2
275","51.2
156","33.5
208","32.3
82","36.0
250","35.7
67","64.8
309","-7.4
178"
159,Richmond,A10,28,15-13,"111.7
131","111.2
211",".5141
159","53.2
94","51.5
192","14.6
37","17.3
144","25.8
326","31.2
206","37.5
120","33.8
140","50.4
235","53.4
252","38.1
16","32.9
115","41.8
138","45.2
336","67.6
164","-7.5
180"
160,Central Arkansas,ASun,29,18-11,"109.0
177","108.5
158",".5123
160","53.2
94","54.7
313","15.6
96","19.0
60","28.8
238","26.7
29","30.9
286","29.5
51","54.2
82","56.5
330","34.8
135","35.4
253","49.2
18","52.2
362","67.8
148","-6.0
141"
161,Winthrop,BSth,29,20-9,"112.4
121","111.9
230",".5116
161","50.9
200","51.4
184","14.8
48","17.1
155","34.4
64","28.7
88","42.9
30","38.8
272","50.9
215","53.3
245","34.0
176","32.7
102","44.9
66","43.4
305","68.9
95","-4.1
98"
162,Penn,Ivy,24,13-11,"107.8
207","107.7
136",".5050
162","50.4
217","52.2
227","15.6
96","16.8
179","30.8
174","31.0
193","36.7
147","28.4
35","46.6
335","54.9
301","38.3
13","32.0
70","34.8
278","38.9
160","68.8
98","-6.6
157"
163,"Robert Morris
   (A) 127 Wright St. (won)",Horz,29,19-10,"111.7
135","111.5
220",".5049
163","55.0
46","50.7
141","18.5
286","15.9
240","37.5
13","28.6
83","27.7
345","42.6
328","53.4
112","50.8
133","38.2
15","33.8
164","40.6
157","35.9
73","64.7
311","-6.0
138"
164,Eastern Washington,BSky,28,11-17,"112.9
111","112.7
247",".5036
164","53.0
105","54.7
313","18.0
263","16.2
216","31.3
156","31.6
223","34.8
196","38.1
260","52.1
168","56.2
323","36.4
54","34.9
231","35.0
274","38.8
157","67.7
149","-10.7
252"
165,Fordham,A10,28,16-12,"103.8
271","104.0
72",".4958
165","48.8
291","49.7
95","17.4
220","17.0
159","34.9
49","26.1
20","26.1
359","29.6
53","52.4
153","48.2
51","28.5
355","34.6
216","37.7
225","41.1
241","63.6
342","-7.6
183"
166,"Youngstown St.
   (H) 202 Northern Kentucky (won)",Horz,29,15-14,"108.8
183","109.0
165",".4951
166","54.7
52","51.4
184","19.4
325","18.0
106","31.9
134","31.1
199","32.5
248","37.1
232","57.4
32","51.0
144","34.7
144","34.8
228","49.9
15","34.6
39","67.0
194","-10.3
246"
167,Appalachian St.,SB,30,19-11,"107.0
223","107.2
130",".4945
167","50.4
217","47.3
29","15.1
64","13.9
337","31.4
151","28.7
88","38.7
88","30.9
78","53.6
102","46.7
22","31.1
312","32.0
70","46.0
42","43.0
295","62.6
359","-7.3
174"
168,Montana,BSky,28,14-14,"107.7
210","108.0
140",".4937
168","56.1
27","51.7
198","19.8
338","15.2
278","22.3
353","29.9
140","36.4
153","32.9
116","56.4
45","52.2
209","37.1
32","33.9
174","41.2
147","37.5
115","68.9
94","-9.1
225"
169,New Mexico St.,CUSA,26,13-13,"111.8
130","112.1
235",".4932
169","49.9
243","48.7
59","15.1
64","14.6
321","33.1
97","30.0
149","32.6
245","43.2
334","49.0
282","48.8
64","34.1
169","32.4
90","39.9
170","42.4
278","66.0
246","-9.3
231"
170,Cornell,Ivy,24,12-12,"119.7
49","120.0
344",".4930
170","57.9
10","56.0
344","16.2
137","15.2
278","30.0
204","30.4
165","31.2
277","38.8
272","58.7
17","55.6
314","38.0
19","37.9
354","50.2
14","38.4
143","71.6
16","-7.9
190"
171,"Tulane
   (H) 223 Rice (won)",Amer,27,17-10,"108.7
187","109.0
168",".4913
171","50.3
221","49.9
105","15.6
96","17.6
123","22.5
351","35.1
335","45.6
7","38.0
257","51.6
187","49.6
92","32.5
253","33.6
155","44.3
83","39.8
186","66.8
208","-5.6
126"
172,Massachusetts,MAC,28,15-13,"110.8
147","111.2
210",".4902
172","53.7
78","53.1
261","18.1
266","17.4
138","32.7
107","25.9
17","37.8
113","46.7
356","52.9
129","55.1
304","36.8
39","33.7
158","35.7
257","42.6
282","70.3
36","-9.2
230"
173,"Oakland
   (H) 273 Milwaukee (won)",Horz,29,15-14,"114.4
94","114.8
284",".4898
173","52.2
142","54.5
303","14.7
42","15.3
272","31.2
160","35.1
335","39.1
79","23.3
3","52.7
141","57.0
341","34.2
161","34.0
183","33.8
296","42.0
265","69.9
49","-6.6
156"
174,FIU,CUSA,27,13-14,"108.1
199","108.5
156",".4890
174","50.5
214","52.4
231","17.2
200","19.9
26","32.9
101","34.8
329","38.7
88","34.4
162","49.6
263","51.8
188","34.9
127","35.3
245","33.2
312","46.0
343","71.8
14","-9.2
228"
175,Idaho,BSky,28,15-13,"109.0
178","109.4
175",".4888
175","52.1
144","51.4
184","15.7
104","15.4
266","28.2
264","25.4
13","34.9
192","40.2
294","51.6
187","50.2
108","35.0
120","35.6
265","48.7
22","35.7
67","67.5
165","-8.7
214"
RK,TEAM,CONF,G,REC,ADJOE,ADJDE,BARTHAG,EFG%,EFGD%,TOR,TORD,ORB,DRB,FTR,FTRD,2P%,2P%D,3P%,3P%D,3PR,3PRD,ADJ T.,WAB
176,Georgia Tech,ACC,28,11-17,"107.3
216","107.8
139",".4885
176","50.1
230","49.9
105","18.5
286","15.8
246","30.2
195","30.4
165","32.8
240","33.6
135","48.7
288","49.4
86","35.5
84","33.7
158","31.8
331","44.6
326","70.9
23","-8.0
192"
177,Kennesaw St.,CUSA,27,16-11,"110.2
155","110.8
201",".4846
177","50.1
230","48.7
59","16.8
176","16.0
236","35.7
35","31.1
199","44.0
17","47.9
359","50.3
240","46.7
22","33.3
217","34.7
224","44.3
83","37.9
130","71.4
19","-7.0
168"
178,Utah Tech,WAC,29,17-12,"110.9
146","111.6
225",".4826
178","52.5
127","50.1
113","17.6
234","17.3
144","29.0
234","34.7
325","29.2
326","33.1
122","53.1
124","53.3
245","34.3
158","29.3
8","38.6
202","34.3
34","65.9
251","-5.8
132"
179,Oregon St.,WCC,29,15-14,"109.2
170","110.0
187",".4786
179","50.4
217","49.9
105","17.7
241","15.4
266","26.5
311","31.9
243","42.9
30","36.4
212","48.2
302","51.0
144","35.3
93","32.2
77","44.3
83","40.5
217","65.0
299","-7.3
172"
180,Western Kentucky,CUSA,27,16-11,"107.2
221","108.1
145",".4776
180","46.4
338","51.1
163","14.7
42","17.6
123","33.2
96","29.5
124","38.7
88","46.2
355","44.8
356","50.3
114","32.5
253","34.8
228","40.0
167","42.9
293","69.2
80","-6.2
145"
181,UT Arlington,WAC,27,15-12,"103.1
289","104.0
73",".4768
181","48.3
308","47.5
36","21.2
356","18.2
94","34.9
49","30.5
172","42.1
38","41.9
320","49.9
254","50.7
126","29.8
345","27.0
1","31.5
333","31.4
9","65.0
298","-7.0
166"
182,St. Bonaventure,A10,27,14-13,"113.9
98","114.9
285",".4757
182","52.7
117","54.1
295","16.9
186","17.4
138","34.3
67","29.5
124","28.5
336","33.6
135","51.3
197","54.0
273","37.2
31","36.2
300","31.5
333","40.9
234","66.8
203","-7.6
184"
183,Charlotte,Amer,27,14-13,"112.7
112","113.8
262",".4702
183","53.5
89","51.1
163","18.3
276","14.5
324","34.7
55","31.8
236","36.8
141","39.3
281","53.1
124","51.0
144","35.9
65","34.2
194","44.1
88","40.7
228","63.4
346","-8.0
194"
184,Charleston,CAA,29,19-10,"106.5
234","107.7
138",".4687
184","50.6
210","48.8
64","16.1
129","14.4
328","29.8
211","31.4
214","40.9
52","26.3
15","53.5
105","49.7
96","30.6
327","31.8
62","38.5
205","43.5
308","67.5
167","-5.7
130"
185,"Green Bay
   (A) 216 Detroit Mercy (lost)",Horz,30,16-14,"113.2
106","114.7
283",".4615
185","54.7
52","54.0
291","16.4
146","13.7
343","25.6
329","29.8
136","42.3
37","38.9
277","54.2
82","53.4
252","37.0
34","36.5
313","38.4
208","43.7
310","62.8
356","-8.8
218"
186,"Marist
   (H) 288 Sacred Heart (won)",MAAC,28,18-10,"100.8
321","102.3
47",".4598
186","50.0
237","45.5
7","16.4
146","19.5
35","28.0
270","27.7
55","25.9
362","37.5
244","51.1
208","47.7
47","31.9
282","28.0
2","35.6
260","37.3
111","65.9
253","-7.3
173"
187,"Siena
   (H) 240 Saint Peter's (won)",MAAC,29,19-10,"109.4
165","111.2
209",".4550
187","51.5
176","49.7
95","16.2
137","17.5
133","32.5
114","28.9
101","33.9
218","29.0
41","54.3
79","49.3
83","30.2
338","33.4
145","31.5
333","40.0
196","64.3
324","-7.0
165"
188,Furman,SC,29,18-11,"106.3
240","108.1
147",".4524
188","54.4
57","49.3
80","18.2
271","13.7
343","30.6
180","28.2
72","31.4
273","28.1
30","59.5
13","49.6
92","32.5
253","32.6
99","47.6
27","41.8
258","66.0
247","-8.0
193"
189,Missouri St.,CUSA,27,13-14,"108.6
190","110.4
193",".4520
189","50.0
237","52.1
221","17.4
220","17.6
123","32.6
109","31.6
223","44.9
12","40.6
299","51.2
200","51.9
196","32.3
262","35.0
234","41.7
141","36.5
87","65.3
281","-10.0
244"
190,Texas A&M Corpus Chris,Slnd,28,14-14,"102.4
296","104.1
74",".4509
190","47.8
319","50.3
117","18.9
306","19.5
35","30.4
186","28.9
101","43.1
28","47.0
357","47.1
325","51.8
188","33.0
230","31.7
55","31.1
338","34.8
45","66.4
225","-8.3
205"
191,South Alabama,SB,29,20-9,"107.4
214","109.3
171",".4496
191","52.5
127","49.5
86","13.2
8","18.3
90","25.0
342","32.3
267","38.7
88","24.6
5","53.5
105","51.1
150","33.9
183","32.4
90","35.9
253","64.2
365","64.5
316","-5.5
125"
192,Weber St.,BSky,29,15-14,"112.0
124","114.1
269",".4465
192","51.7
164","54.5
303","15.7
104","16.7
185","32.3
119","27.4
47","40.1
63","36.9
226","51.3
197","57.4
344","35.0
120","33.3
139","32.7
318","39.2
174","68.2
130","-9.2
229"
193,Portland,WCC,29,12-17,"107.2
222","109.3
170",".4459
193","51.2
185","52.9
247","19.7
336","17.5
133","27.7
276","32.7
285","35.3
178","34.3
158","54.8
67","51.1
150","30.0
343","36.7
323","36.0
250","45.5
341","68.4
119","-9.9
240"
194,New Orleans,Slnd,28,13-15,"110.2
157","112.3
242",".4437
194","50.2
224","49.1
74","20.6
350","14.9
301","35.0
47","34.9
334","46.2
4","40.2
294","50.5
230","49.2
79","33.0
230","32.7
102","34.2
291","40.8
231","69.7
58","-8.2
202"
195,Marshall,SB,29,18-11,"112.6
114","115.1
286",".4385
195","54.2
62","50.0
110","16.6
158","16.7
185","32.3
119","33.4
306","29.3
324","41.6
317","53.5
105","49.9
100","36.8
39","33.5
152","44.6
74","40.1
204","69.2
76","-6.6
155"
196,Jacksonville St.,CUSA,27,13-14,"106.9
225","109.4
174",".4338
196","49.7
251","49.5
86","17.3
209","16.4
200","29.6
217","29.2
112","43.8
19","37.8
248","47.7
312","49.9
100","35.2
103","32.7
102","39.2
191","43.2
299","64.8
310","-10.4
248"
197,Columbia,Ivy,25,15-10,"109.1
175","111.6
226",".4333
197","54.1
67","50.7
141","19.4
325","14.2
335","35.9
30","27.4
47","30.0
312","32.9
116","53.5
105","49.3
83","36.7
44","35.5
260","37.8
223","36.1
79","66.5
219","-6.1
143"
198,La Salle,A10,27,8-19,"104.0
269","106.5
111",".4326
198","45.1
357","53.6
280","19.0
315","17.4
138","33.7
81","31.3
213","37.1
132","31.1
81","45.4
349","53.9
271","29.6
347","35.4
253","30.7
347","42.7
286","64.5
318","-11.8
278"
199,Mercer,SC,29,18-11,"111.9
127","114.6
280",".4314
199","53.0
105","53.0
258","15.3
79","17.0
159","33.0
99","31.9
243","38.4
97","29.3
49","53.1
124","51.5
176","35.3
93","36.6
320","39.9
170","42.5
281","69.1
84","-6.6
153"
200,Campbell,CAA,28,13-15,"110.5
154","113.2
253",".4311
200","49.6
257","55.4
332","17.6
234","17.4
138","32.5
114","31.4
214","43.3
23","38.1
260","50.2
243","55.2
307","32.4
259","37.2
342","37.6
226","29.9
4","69.9
51","-8.8
216"
RK,TEAM,CONF,G,REC,ADJOE,ADJDE,BARTHAG,EFG%,EFGD%,TOR,TORD,ORB,DRB,FTR,FTRD,2P%,2P%D,3P%,3P%D,3PR,3PRD,ADJ T.,WAB
201,"Drexel
   (H) 203 Towson (won)",CAA,29,15-14,"103.8
272","106.4
109",".4300
201","51.1
188","47.1
25","18.9
306","16.2
216","30.9
171","30.2
160","31.4
273","36.5
214","50.1
246","47.3
40","35.2
103","31.1
41","40.1
165","34.0
29","64.2
327","-10.5
249"
202,"Northern Kentucky
   (A) 166 Youngstown St. (lost)",Horz,29,17-12,"107.2
220","109.9
184",".4285
202","52.4
134","54.1
295","16.8
176","19.5
35","32.2
125","32.3
267","34.8
196","37.9
252","55.2
59","53.4
252","32.7
247","36.7
323","45.2
60","38.6
149","69.4
67","-8.2
200"
203,"Towson
   (A) 201 Drexel (lost)",CAA,28,14-14,"103.0
291","105.7
99",".4269
203","46.1
345","49.7
95","16.3
143","15.7
251","35.5
43","28.0
66","30.7
294","31.6
90","48.2
302","51.6
179","28.1
361","31.4
48","35.5
264","41.9
262","63.8
339","-8.5
211"
204,Howard,MEAC,28,18-10,"103.4
282","106.2
106",".4224
204","50.1
230","48.1
50","19.9
340","21.6
9","35.7
35","32.0
250","42.1
38","39.7
286","49.5
265","48.7
63","34.1
169","31.4
48","34.0
294","34.9
48","68.9
92","-7.0
169"
205,Tarleton St.,WAC,28,14-14,"104.1
267","106.9
120",".4219
205","48.9
287","54.0
291","20.2
345","24.4
2","30.4
186","35.5
343","41.2
45","45.2
348","49.5
265","54.2
282","31.4
302","35.7
274","24.8
365","41.3
247","69.5
65","-8.9
221"
206,"Quinnipiac
   (H) 253 Fairfield (lost)",MAAC,29,18-11,"104.1
265","107.0
122",".4211
206","48.6
298","49.0
71","16.2
137","17.9
110","34.2
69","32.2
264","32.5
248","31.2
84","47.1
325","47.1
27","34.4
155","35.0
234","33.4
309","35.4
56","69.9
52","-6.8
163"
207,Monmouth,CAA,28,14-14,"105.2
254","108.2
149",".4194
207","48.7
294","50.0
110","16.9
186","19.5
35","31.4
151","32.7
285","33.5
227","33.2
125","47.1
325","49.0
75","34.5
153","34.4
206","33.5
305","38.2
141","66.9
198","-9.7
235"
208,Cal St. Fullerton,BW,29,15-14,"108.3
195","111.5
223",".4155
208","51.6
170","55.3
331","15.4
84","19.1
54","25.1
341","28.8
95","38.4
97","35.8
200","51.9
174","57.3
343","34.2
161","35.3
245","41.8
138","46.1
345","72.7
5","-8.2
196"
209,James Madison,SB,29,16-13,"109.8
161","113.2
254",".4125
209","52.7
117","49.4
82","17.2
200","13.1
355","30.7
176","30.1
155","34.8
196","41.5
315","52.3
155","48.9
70","35.5
84","33.4
145","43.9
90","38.9
160","65.2
288","-8.6
212"
210,Queens,ASun,29,17-12,"115.0
89","118.7
332",".4086
210","56.6
20","55.0
321","14.9
52","15.0
289","31.1
165","32.8
295","35.8
163","39.5
282","59.7
11","54.6
295","35.3
93","37.1
338","46.6
37","39.5
179","69.2
75","-6.6
154"
211,Stony Brook,CAA,28,17-11,"106.4
237","109.9
182",".4082
211","50.7
208","49.7
95","16.9
186","17.0
159","28.2
264","32.3
267","29.9
316","32.9
116","48.7
288","48.0
50","35.3
93","34.9
231","45.5
54","39.1
170","65.5
264","-7.4
177"
212,Denver,Sum,30,15-15,"116.4
75","120.2
347",".4078
212","53.8
71","55.8
339","14.2
26","12.9
358","30.1
200","32.6
283","33.0
234","35.6
197","52.5
149","56.6
334","37.3
30","36.4
307","38.4
208","36.9
101","67.6
161","-9.1
226"
213,Lipscomb,ASun,29,18-11,"106.8
228","110.4
194",".4044
213","54.5
56","52.7
239","16.4
146","18.0
106","25.8
326","30.0
149","26.5
353","29.7
55","54.1
84","53.7
266","36.6
46","34.0
183","47.5
29","40.0
196","69.7
57","-6.0
139"
214,Indiana St.,MVC,29,10-19,"107.7
211","111.4
217",".4036
214","52.6
125","51.1
163","19.0
315","14.8
309","26.0
322","31.5
219","28.5
336","28.0
27","57.5
31","52.6
215","31.1
312","32.3
82","44.9
66","34.6
39","68.2
128","-13.3
304"
215,Buffalo,MAC,27,16-11,"112.5
118","116.4
305",".4015
215","55.7
32","54.5
303","16.2
137","18.0
106","27.2
294","31.1
199","41.1
48","31.1
81","53.9
91","56.6
334","38.6
11","34.5
211","45.5
54","43.3
301","66.1
244","-7.6
185"
216,"Detroit Mercy
   (H) 185 Green Bay (won)",Horz,27,14-13,"109.3
167","113.4
257",".3971
216","49.3
272","52.9
247","16.4
146","14.3
332","33.8
75","30.6
176","32.2
256","37.9
252","47.7
312","54.5
292","35.2
103","33.8
164","31.6
332","43.4
305","69.1
85","-8.5
210"
217,San Diego,WCC,29,11-18,"108.8
184","112.9
249",".3953
217","50.9
200","55.0
321","17.4
220","19.5
35","28.5
255","35.5
343","26.5
353","39.7
286","50.9
215","58.7
355","34.0
176","33.1
129","42.9
112","40.6
224","68.5
108","-11.3
267"
218,Ohio,MAC,28,15-13,"108.2
196","112.4
243",".3927
218","51.3
180","52.7
239","16.1
129","17.1
155","28.6
251","32.7
285","36.9
139","36.7
222","55.0
61","51.2
156","30.1
341","37.0
331","37.9
222","33.5
22","68.5
107","-8.2
199"
219,San Jose St.,MWC,27,7-20,"110.8
148","115.2
288",".3908
219","48.7
294","56.9
355","16.1
129","17.8
115","29.6
217","36.2
352","32.1
260","35.0
172","46.2
340","59.6
362","35.2
103","35.2
241","38.6
202","39.9
192","64.4
320","-11.5
273"
220,South Dakota St.,Sum,29,13-16,"108.4
191","112.8
248",".3895
220","52.5
127","51.8
202","16.0
122","15.0
289","29.4
226","26.4
25","30.6
298","33.3
129","53.4
112","52.8
227","34.1
169","33.8
164","39.3
188","47.2
355","67.1
185","-11.2
261"
221,Bethune Cookman,SWAC,28,15-13,"104.5
261","108.7
161",".3885
221","50.9
200","49.7
95","18.7
297","15.7
251","29.5
223","31.1
199","40.4
57","39.7
286","50.8
219","50.6
124","34.1
169","31.9
65","31.1
338","33.4
20","68.5
113","-6.8
162"
222,Drake,MVC,29,12-17,"110.0
160","114.7
281",".3833
222","51.5
176","52.8
245","14.7
42","14.7
316","26.3
317","29.3
118","34.2
211","33.5
132","51.2
200","50.7
126","34.6
149","37.1
338","44.7
71","43.0
295","67.1
187","-11.7
274"
223,"Rice
   (A) 171 Tulane (lost)",Amer,27,11-16,"110.6
152","115.3
289",".3826
223","48.5
303","51.9
210","17.7
241","16.1
224","35.2
44","34.8
329","35.0
188","41.0
305","45.6
347","51.3
162","34.9
127","35.2
241","42.6
122","35.2
53","65.4
278","-11.1
259"
224,Lamar,Slnd,28,12-16,"106.7
230","111.3
215",".3802
224","48.5
303","50.9
150","17.6
234","16.8
179","35.8
33","29.3
118","29.0
328","45.3
349","46.7
331","49.0
75","34.7
144","36.0
289","33.8
296","37.1
105","64.9
303","-11.2
265"
225,Cal Poly,BW,28,12-16,"108.8
180","113.6
260",".3782
225","51.9
155","54.0
291","20.9
352","16.8
179","29.9
207","30.4
165","36.9
139","34.6
164","53.5
105","54.8
299","33.6
200","35.3
245","53.0
4","42.2
272","73.6
1","-10.3
247"
RK,TEAM,CONF,G,REC,ADJOE,ADJDE,BARTHAG,EFG%,EFGD%,TOR,TORD,ORB,DRB,FTR,FTRD,2P%,2P%D,3P%,3P%D,3PR,3PRD,ADJ T.,WAB
226,Nebraska Omaha,Sum,29,15-14,"109.1
172","114.0
266",".3772
226","53.7
78","53.3
265","16.6
158","14.5
324","26.9
301","29.1
108","34.4
206","33.2
125","53.8
92","56.5
330","35.7
73","32.9
115","41.0
149","45.4
338","67.2
181","-9.9
242"
227,Coastal Carolina,SB,29,17-12,"102.4
295","107.1
123",".3746
227","48.0
316","46.2
14","15.4
84","12.5
362","26.4
314","27.4
47","32.2
256","35.2
180","45.8
344","45.0
8","34.0
176","32.3
82","42.6
122","35.6
61","67.1
184","-8.2
197"
228,UMBC,AE,26,18-8,"106.1
243","111.0
205",".3716
228","52.7
117","50.5
126","14.3
30","15.1
288","23.8
348","25.4
13","33.5
227","25.5
10","52.9
129","50.4
115","35.0
120","33.8
164","38.8
197","36.7
92","65.8
257","-5.4
124"
229,Eastern Michigan,MAC,28,10-18,"103.7
274","108.6
159",".3713
229","50.1
230","50.6
134","17.6
234","16.2
216","28.4
259","29.5
124","28.9
332","35.5
189","50.2
243","51.0
144","33.3
217","33.3
139","32.2
328","35.3
55","65.9
252","-12.2
283"
230,"American
   (A) 330 Lafayette (won)",Pat,29,16-13,"106.6
233","111.9
229",".3644
230","51.8
160","53.5
275","16.2
137","19.1
54","26.4
314","30.2
160","28.8
333","43.3
336","52.9
129","54.1
280","33.6
200","34.9
231","46.4
39","36.8
96","66.6
216","-8.9
222"
231,Texas St.,SB,30,18-12,"105.3
252","110.5
195",".3639
231","50.0
237","52.3
228","18.9
306","18.5
85","34.1
72","27.8
59","34.2
211","37.9
252","50.5
230","50.8
133","32.2
267","36.6
320","25.4
364","37.7
120","66.0
248","-8.9
220"
232,Western Carolina,SC,27,12-15,"110.5
153","116.2
299",".3597
232","50.6
210","55.1
325","16.8
176","14.6
321","34.2
69","26.8
31","30.0
312","38.5
270","50.4
235","54.6
295","33.9
183","37.1
338","40.9
152","45.4
338","68.0
137","-9.9
241"
233,LIU,NEC,29,19-10,"104.6
260","110.0
185",".3583
233","52.8
114","50.3
117","19.5
330","18.9
69","35.1
46","32.9
296","32.6
245","35.1
177","52.6
144","51.3
162","35.5
84","32.3
82","28.8
356","33.3
18","68.2
129","-5.7
127"
234,Old Dominion,SB,29,10-19,"105.8
247","111.4
219",".3561
234","50.0
237","50.3
117","15.6
96","15.0
289","25.6
329","30.7
181","33.9
218","41.5
315","48.5
294","51.5
176","35.0
120","32.1
75","36.7
237","35.7
67","68.7
100","-13.6
314"
235,Elon,CAA,28,14-14,"112.6
113","118.8
334",".3523
235","53.5
89","54.4
301","15.3
79","16.2
216","32.9
101","33.7
312","33.9
218","35.2
180","54.1
84","53.6
262","35.1
115","37.0
331","43.1
105","44.5
324","66.9
199","-9.8
237"
236,Samford,SC,29,16-13,"108.8
181","114.7
282",".3520
236","52.1
144","52.1
221","13.0
5","13.1
355","25.5
334","25.9
17","43.4
22","33.0
121","52.6
144","51.1
150","34.3
158","36.0
289","44.6
74","35.6
61","66.8
205","-8.7
215"
237,Colgate,Pat,29,17-12,"107.9
202","113.9
263",".3515
237","53.1
96","51.7
198","14.9
52","15.7
251","26.8
302","29.5
124","29.9
316","33.6
135","52.9
129","51.6
179","35.8
67","34.6
216","34.6
282","41.8
258","66.9
197","-7.4
176"
238,Tennessee Martin,OVC,29,20-9,"101.3
314","106.9
116",".3512
238","49.5
265","46.0
12","21.5
357","19.7
29","38.3
9","32.2
264","39.7
70","37.1
232","52.0
170","46.8
25","31.1
312","29.7
12","47.2
32","39.7
184","64.2
325","-6.3
146"
239,Dartmouth,Ivy,24,11-13,"105.6
251","111.5
220",".3499
239","52.3
138","51.2
172","18.2
271","13.8
341","24.3
345","30.1
155","36.3
156","29.1
46","49.4
270","52.9
232","36.9
36","32.4
90","48.9
20","38.6
149","69.4
70","-8.9
224"
240,"Saint Peter's
   (A) 187 Siena (lost)",MAAC,26,15-11,"104.1
264","110.0
186",".3479
240","45.8
350","48.9
67","17.1
198","20.4
20","36.7
20","33.8
313","36.3
156","48.3
360","46.0
342","48.6
60","30.4
330","33.0
122","39.3
188","36.0
76","65.5
270","-7.6
182"
241,Radford,BSth,29,15-14,"107.9
203","114.1
268",".3451
241","51.6
170","53.4
272","17.2
200","18.2
94","29.8
211","31.6
223","42.1
38","41.1
307","52.5
149","53.4
252","33.7
192","35.6
265","45.6
50","38.5
146","70.5
30","-9.8
238"
242,Southern,SWAC,27,13-14,"106.0
246","112.3
239",".3401
242","48.9
287","53.6
280","17.1
198","19.0
60","31.2
160","31.6
223","40.1
63","44.2
342","48.2
302","52.4
214","33.5
208","37.0
331","32.4
326","39.6
182","70.0
47","-8.5
207"
243,Louisiana Tech,CUSA,27,15-12,"100.1
329","106.1
105",".3384
243","46.0
346","48.7
59","18.7
297","17.6
123","35.7
35","31.2
206","34.3
209","35.5
189","48.5
294","47.1
27","27.3
365","33.6
155","32.5
322","46.3
347","63.8
338","-8.2
203"
244,Nicholls St.,Slnd,28,11-17,"108.0
201","114.5
275",".3374
244","51.6
170","55.5
334","16.8
176","20.6
18","26.3
317","34.8
329","35.4
177","39.5
282","51.2
200","56.6
334","34.8
135","35.7
274","43.9
90","37.7
120","68.4
118","-11.2
264"
245,Southern Miss,SB,29,15-14,"103.0
290","109.4
173",".3348
245","48.6
298","52.4
231","19.0
315","17.9
110","32.1
132","28.0
66","43.1
28","41.4
314","51.1
208","50.8
133","28.4
357","36.4
307","29.4
354","41.5
250","68.4
115","-9.8
239"
246,Abilene Christian,WAC,27,13-14,"101.2
316","107.4
133",".3346
246","47.4
328","56.1
345","21.1
355","24.1
3","32.9
101","29.8
136","39.3
75","53.6
365","47.3
320","54.4
288","31.6
297","39.9
364","32.5
322","30.5
6","66.4
223","-8.8
217"
247,Florida Gulf Coast,ASun,29,14-15,"107.9
203","114.6
277",".3346
247","52.9
109","53.7
287","16.4
146","16.2
216","31.4
151","29.2
112","30.5
301","39.9
289","53.0
127","53.5
259","35.1
115","36.0
289","38.4
208","46.2
346","67.9
142","-10.7
251"
248,Southeast Missouri St.,OVC,29,18-11,"102.2
303","108.6
160",".3323
248","50.3
221","49.9
105","17.5
227","18.6
80","30.1
200","27.3
43","38.9
81","45.8
351","52.6
144","49.3
83","30.8
322","33.9
174","36.5
240","34.6
39","69.0
90","-7.4
175"
249,"Iona
   (A) 151 Merrimack (lost)",MAAC,29,16-13,"104.8
257","111.4
216",".3307
249","51.7
164","49.4
82","16.7
172","16.9
168","27.2
294","31.7
235","28.7
334","28.2
34","50.7
223","51.5
176","35.2
103","30.9
36","45.5
54","40.1
204","68.6
104","-9.4
232"
250,UNC Asheville,BSth,28,13-15,"103.3
286","109.9
182",".3304
250","50.8
206","50.6
134","17.7
241","15.6
259","29.7
214","31.8
236","37.7
116","37.8
248","49.5
265","52.1
205","35.6
78","32.2
77","32.9
315","37.7
120","64.7
312","-11.0
256"
RK,TEAM,CONF,G,REC,ADJOE,ADJDE,BARTHAG,EFG%,EFGD%,TOR,TORD,ORB,DRB,FTR,FTRD,2P%,2P%D,3P%,3P%D,3PR,3PRD,ADJ T.,WAB
251,Idaho St.,BSky,29,12-17,"111.0
143","118.3
323",".3239
251","52.7
117","54.5
303","17.3
209","15.3
272","32.6
109","29.1
108","37.9
108","36.3
209","53.8
92","56.0
317","34.2
161","34.7
224","42.7
121","37.5
115","64.5
319","-11.5
272"
252,Wofford,SC,29,18-11,"110.1
159","117.5
319",".3196
252","52.4
134","53.6
280","13.8
18","14.9
301","30.1
200","29.2
112","37.5
120","35.6
197","52.5
149","52.7
220","34.9
127","36.8
328","42.8
116","37.8
127","67.7
152","-7.7
188"
253,"Fairfield
   (A) 206 Quinnipiac (won)",MAAC,29,18-11,"109.1
172","116.6
309",".3184
253","49.6
257","51.6
196","15.0
59","16.3
209","35.6
38","29.5
124","28.1
339","30.8
76","49.2
275","51.3
162","33.6
200","34.6
216","35.8
255","36.1
79","66.8
206","-8.1
195"
254,Long Beach St.,BW,28,8-20,"104.2
263","111.3
214",".3179
254","49.6
257","54.2
298","18.1
266","18.2
94","26.8
302","29.0
104","30.2
309","41.2
311","51.0
211","54.7
297","31.5
301","35.5
260","35.1
270","34.6
39","67.7
151","-14.3
321"
255,Delaware,CUSA,27,9-18,"106.5
235","114.0
265",".3138
255","53.7
78","50.5
126","18.1
266","13.9
337","21.3
362","30.7
181","30.4
305","30.0
61","52.8
136","50.2
108","36.6
46","33.9
174","45.3
58","43.8
312","62.7
358","-13.6
311"
256,Central Michigan,MAC,27,9-18,"106.0
244","113.5
258",".3128
256","51.1
188","53.3
265","17.7
241","17.0
159","29.0
234","34.2
322","32.1
260","40.6
299","52.3
155","53.3
245","32.6
250","35.4
253","33.6
303","37.5
115","67.0
191","-13.1
298"
257,Vermont,AE,29,18-11,"106.6
232","114.2
271",".3104
257","53.6
81","51.0
156","14.4
33","14.3
332","26.0
322","22.3
2","30.9
286","37.3
238","55.9
49","49.0
75","33.7
192","35.9
284","44.6
74","41.5
250","64.9
306","-8.6
213"
258,"Boston University
   (A) 305 Lehigh (lost)",Pat,29,13-16,"112.4
120","120.7
349",".3069
258","57.1
16","54.5
303","17.5
227","13.4
349","28.5
255","26.9
36","32.1
260","30.7
71","55.8
51","53.3
245","39.2
9","37.6
348","44.3
83","41.3
247","63.0
352","-13.1
300"
259,UTEP,CUSA,27,10-17,"103.3
284","110.9
203",".3067
259","48.1
314","51.8
202","17.3
209","17.9
110","27.6
279","33.2
301","31.2
277","41.1
307","46.3
338","52.0
201","33.8
187","34.2
194","40.0
167","37.7
120","64.3
322","-12.2
284"
260,Southern Utah,WAC,28,9-19,"106.4
238","114.3
272",".3056
260","50.3
221","53.6
280","20.9
352","14.9
301","28.7
246","33.8
313","32.5
248","29.1
46","50.0
250","52.0
201","34.0
176","38.4
360","34.9
277","29.8
3","70.2
38","-13.0
297"
261,"Purdue Fort Wayne
   (A) 302 Cleveland St. (won)",Horz,29,16-13,"106.0
245","113.9
264",".3047
261","53.1
96","56.3
347","14.6
37","19.4
43","21.8
357","35.1
335","29.9
316","28.8
39","53.7
99","55.9
316","35.0
120","37.8
352","46.1
41","44.7
328","67.7
150","-7.6
181"
262,Princeton,Ivy,26,8-18,"106.4
236","114.4
274",".3022
262","49.0
283","52.9
247","16.6
158","14.4
328","28.0
270","28.4
77","35.3
178","33.8
140","48.2
302","56.0
317","33.4
214","32.2
77","45.0
63","40.6
224","63.5
344","-13.5
308"
263,Tennessee St.,OVC,28,19-9,"108.3
193","116.6
307",".3006
263","49.7
251","52.7
239","16.3
143","20.0
24","34.5
59","30.9
189","33.8
223","43.2
334","50.4
235","53.3
245","32.1
275","34.3
200","30.4
350","35.4
56","70.1
41","-5.9
137"
264,Georgia Southern,SB,29,15-14,"108.0
200","116.4
304",".2981
264","49.7
251","51.4
184","14.7
42","18.5
85","28.7
246","35.2
340","40.2
61","41.2
311","51.6
187","52.6
215","31.8
288","33.0
122","47.7
26","38.7
154","70.6
27","-11.0
258"
265,Sacramento St.,BSky,27,9-18,"108.2
197","116.7
310",".2951
265","47.6
321","55.6
336","14.6
37","17.0
159","26.6
307","34.0
317","42.6
35","37.1
232","47.3
320","56.5
330","32.1
275","36.2
300","36.1
247","42.4
278","72.0
12","-12.6
291"
266,Charleston Southern,BSth,29,13-16,"104.7
258","113.0
251",".2923
266","53.6
81","47.2
26","18.9
306","12.8
359","30.3
192","29.9
140","29.8
319","42.7
329","54.9
63","46.6
17","34.9
127","32.3
82","49.8
16","30.9
7","71.0
22","-12.5
289"
267,Pepperdine,WCC,29,8-21,"104.6
259","113.0
250",".2922
267","47.5
324","54.5
303","18.3
276","16.6
190","27.3
289","33.9
316","35.1
185","28.1
30","48.0
309","55.1
304","31.2
308","35.7
274","39.7
179","40.8
231","67.8
147","-13.6
312"
268,UC Riverside,BW,29,9-20,"103.3
288","111.7
227",".2879
268","49.3
272","52.7
239","19.9
340","15.5
260","28.1
268","29.9
140","35.0
188","40.0
292","50.0
250","53.5
259","32.1
275","34.0
183","38.3
211","32.5
12","68.0
135","-14.1
319"
269,Lindenwood,OVC,29,16-13,"101.3
313","109.7
180",".2863
269","48.7
294","49.7
95","19.2
320","18.5
85","32.2
125","32.3
267","38.4
97","37.1
232","50.6
228","50.4
115","29.7
346","32.3
82","31.2
337","33.3
18","72.2
9","-9.1
227"
270,East Carolina,Amer,27,9-18,"102.3
299","110.9
202",".2847
270","45.7
353","51.5
192","16.6
158","16.4
200","32.3
119","32.9
296","39.2
77","32.6
111","47.2
322","51.4
169","28.1
361","34.4
206","30.7
347","39.9
192","68.5
112","-12.6
290"
271,SIU Edwardsville,OVC,29,17-12,"98.9
339","107.1
128",".2843
271","48.9
287","45.8
10","17.9
254","17.0
159","30.1
200","32.7
285","31.6
269","34.2
154","47.2
322","45.8
13","34.7
144","30.5
27","35.5
264","39.1
170","64.2
326","-9.7
236"
272,Longwood,BSth,30,15-15,"103.3
285","112.1
233",".2829
272","49.8
247","53.8
288","19.2
320","20.0
24","34.0
73","28.4
77","40.0
65","41.2
311","51.2
200","56.0
317","31.4
302","33.9
174","34.6
282","42.2
272","68.2
131","-11.8
276"
273,"Milwaukee
   (A) 173 Oakland (lost)",Horz,30,11-19,"106.8
227","116.0
297",".2803
273","49.9
243","55.5
334","15.4
84","15.8
246","33.7
81","29.7
134","32.3
252","36.5
214","50.8
219","55.5
311","32.3
262","37.0
331","38.3
211","39.9
192","67.4
174","-12.8
294"
274,North Dakota,Sum,31,16-15,"108.6
189","118.0
321",".2780
274","49.6
257","56.7
353","14.2
26","19.6
32","28.5
255","32.7
285","37.5
120","44.1
341","49.7
261","57.6
347","33.0
230","37.1
338","39.9
170","42.6
282","67.1
186","-10.2
245"
275,Brown,Ivy,24,9-15,"98.4
343","107.2
129",".2733
275","48.5
303","50.5
126","18.6
293","18.8
72","28.6
251","29.2
112","27.8
344","38.2
265","49.9
254","51.8
188","30.8
322","32.5
96","36.8
235","42.2
272","66.2
234","-11.9
280"
RK,TEAM,CONF,G,REC,ADJOE,ADJDE,BARTHAG,EFG%,EFGD%,TOR,TORD,ORB,DRB,FTR,FTRD,2P%,2P%D,3P%,3P%D,3PR,3PRD,ADJ T.,WAB
276,Louisiana,SB,29,10-19,"102.5
294","111.7
227",".2707
276","47.5
324","52.0
215","17.3
209","18.2
94","28.3
262","32.0
250","27.6
347","46.1
354","45.0
355","50.8
133","34.0
176","36.0
289","41.6
142","36.2
82","62.5
361","-14.7
329"
277,IU Indy,Horz,29,7-22,"107.5
212","117.3
315",".2686
277","51.7
164","57.9
362","15.6
96","19.7
29","28.8
238","36.2
352","21.9
365","47.5
358","54.9
63","58.2
349","31.6
297","38.2
357","42.2
130","36.4
86","73.6
2","-17.2
353"
278,Mercyhurst,NEC,29,14-15,"102.3
300","112.0
232",".2611
278","49.8
247","50.5
126","14.7
42","19.4
43","27.4
285","31.6
223","25.3
363","41.8
319","50.7
223","50.9
139","31.9
282","33.1
129","31.9
329","34.3
34","63.7
340","-11.5
271"
279,Morehead St.,OVC,29,17-12,"108.1
198","118.5
327",".2585
279","49.8
247","50.4
120","18.7
297","15.7
251","36.5
23","36.1
348","37.1
132","37.0
231","50.3
240","49.9
100","32.5
253","34.1
191","30.9
342","39.7
184","65.4
280","-8.2
201"
280,Incarnate Word,Slnd,28,11-17,"109.0
176","119.6
340",".2569
280","50.1
230","55.0
321","17.2
200","15.5
260","33.1
97","32.1
260","34.2
211","43.4
337","47.2
322","56.9
340","36.5
50","34.4
206","38.9
195","35.5
59","65.5
271","-12.0
281"
281,Eastern Kentucky,ASun,29,11-18,"109.3
168","120.0
345",".2547
281","51.8
160","55.8
339","16.9
186","15.4
266","32.6
109","31.8
236","30.4
305","38.8
272","51.8
181","57.4
344","34.5
153","35.6
265","50.6
13","40.5
217","67.2
180","-13.6
313"
282,North Carolina A&T,CAA,26,11-15,"105.6
250","116.2
298",".2514
282","50.2
224","52.0
215","18.4
278","14.5
324","31.9
134","28.1
69","43.2
25","38.0
257","51.4
194","50.5
118","31.9
282","36.3
306","33.1
313","37.7
120","68.4
120","-11.7
275"
283,South Dakota,Sum,29,14-15,"105.0
256","115.4
292",".2510
283","50.2
224","55.2
329","17.3
209","16.2
216","29.4
226","30.6
176","44.9
12","30.7
71","51.2
200","56.6
334","32.2
267","34.6
216","35.5
264","29.9
4","69.8
54","-10.8
253"
284,"Mount St. Mary's
   (H) 348 Canisius (won)",MAAC,29,14-15,"99.9
333","110.0
188",".2473
284","51.1
188","47.8
42","22.7
363","15.2
278","31.3
156","28.7
88","34.8
196","37.8
248","52.2
162","47.2
37","33.1
226","32.5
96","42.8
116","44.6
326","67.9
141","-10.8
254"
285,Presbyterian,BSth,29,14-15,"103.5
279","114.1
267",".2473
285","50.9
200","51.8
202","19.5
330","16.1
224","33.6
85","30.5
172","39.2
77","34.9
170","52.3
155","51.2
156","31.6
297","35.4
253","28.0
360","35.6
61","63.6
343","-11.3
268"
286,Northern Arizona,BSky,28,10-18,"107.9
206","118.8
336",".2472
286","52.0
150","56.2
346","15.8
111","16.9
168","23.9
347","32.7
285","33.1
233","33.6
135","51.0
211","56.0
317","35.8
67","37.6
348","36.4
241","40.2
207","63.7
341","-13.5
307"
287,Northeastern,CAA,26,6-20,"107.7
209","118.8
333",".2457
287","52.1
144","57.0
358","16.4
146","17.6
123","27.1
297","31.2
206","29.6
322","40.3
296","53.2
119","58.1
348","33.6
200","36.7
323","38.0
218","36.3
84","69.4
69","-15.6
340"
288,"Sacred Heart
   (A) 186 Marist (lost)",MAAC,30,12-18,"107.3
215","118.3
326",".2457
288","52.0
150","53.9
290","17.8
248","14.6
321","28.7
246","30.0
149","31.2
277","28.0
27","50.0
250","54.4
288","36.0
63","35.6
265","49.8
16","43.1
297","68.5
109","-14.3
320"
289,Grambling St.,SWAC,26,11-15,"98.8
340","109.0
166",".2451
289","49.4
269","51.0
156","21.5
357","20.4
20","30.3
192","32.0
250","43.6
20","42.2
324","50.4
235","51.2
156","31.9
282","33.8
164","38.5
205","35.6
61","66.7
211","-11.3
266"
290,East Texas A&M,Slnd,29,11-18,"100.1
332","110.5
196",".2429
290","49.1
280","52.9
247","19.5
330","16.9
168","25.5
334","32.2
264","31.6
269","35.0
172","51.0
211","50.6
124","31.2
308","37.8
352","46.0
42","38.2
141","68.5
111","-12.3
285"
291,Hampton,CAA,28,12-16,"100.7
323","111.2
213",".2417
291","45.3
354","51.9
210","18.0
263","17.7
119","33.9
74","29.7
134","39.3
75","45.6
350","46.3
338","54.0
273","29.1
350","31.9
65","36.2
242","34.9
48","64.9
305","-12.1
282"
292,Arkansas Pine Bluff,SWAC,28,12-16,"105.8
249","116.9
311",".2406
292","49.7
251","53.2
264","19.1
319","16.0
236","27.7
276","34.6
324","38.1
106","44.5
345","49.0
282","55.3
309","33.9
183","33.0
122","38.0
218","37.9
130","69.1
81","-10.0
243"
293,Chattanooga,SC,29,12-17,"105.2
253","116.3
303",".2394
293","53.6
81","51.1
163","15.0
59","13.7
343","21.4
361","32.5
279","31.1
282","43.9
340","55.2
59","51.8
188","34.7
144","33.5
152","49.2
18","43.3
301","66.5
217","-13.3
305"
294,Western Michigan,MAC,27,9-18,"107.9
205","119.5
339",".2356
294","50.0
237","54.6
311","17.3
209","13.4
349","31.2
160","29.9
140","31.3
276","36.9
226","48.4
297","55.2
307","35.1
115","36.0
289","36.1
247","45.1
333","67.5
166","-13.1
299"
295,Northwestern St.,Slnd,28,9-19,"103.4
281","114.6
279",".2342
295","49.3
272","53.5
275","18.1
266","17.1
155","25.8
326","33.5
308","40.0
65","38.1
260","49.2
275","53.5
259","33.1
226","35.8
280","34.4
287","38.0
134","65.1
297","-13.7
316"
296,Southeastern Louisiana,Slnd,28,8-20,"99.2
337","110.0
189",".2336
296","46.3
340","52.4
231","18.6
293","19.0
60","28.9
236","31.0
193","40.7
54","41.7
318","48.7
288","50.9
139","28.4
357","36.4
307","39.3
188","38.8
157","64.9
301","-14.8
332"
297,Georgia St.,SB,29,10-19,"100.1
329","111.1
207",".2318
297","43.9
363","50.7
141","16.3
143","16.7
185","27.7
276","33.5
308","36.5
152","33.9
144","41.8
365","51.4
169","31.1
312","33.2
137","43.8
93","39.5
179","67.4
169","-14.8
330"
298,USC Upstate,BSth,29,12-17,"101.0
320","112.3
240",".2282
298","48.5
303","51.2
172","17.9
254","16.1
224","28.7
246","32.0
250","34.7
200","36.5
214","48.5
294","50.1
106","32.2
267","35.4
253","35.4
267","36.0
76","67.8
144","-12.3
287"
299,Central Connecticut,NEC,27,16-11,"106.4
239","118.3
324",".2271
299","51.6
170","50.2
114","16.4
146","14.1
336","27.6
279","30.9
189","31.0
284","27.1
19","50.4
235","49.7
96","35.8
67","34.0
183","36.0
250","40.3
210","64.6
315","-8.5
208"
300,UNC Greensboro,SC,29,12-17,"108.9
179","121.2
350",".2271
300","51.8
160","56.4
348","15.2
74","13.6
348","28.2
264","30.0
149","42.9
30","30.9
78","50.7
223","56.3
328","35.6
78","37.7
350","40.5
159","46.0
343","67.1
189","-13.3
302"
RK,TEAM,CONF,G,REC,ADJOE,ADJDE,BARTHAG,EFG%,EFGD%,TOR,TORD,ORB,DRB,FTR,FTRD,2P%,2P%D,3P%,3P%D,3PR,3PRD,ADJ T.,WAB
301,Le Moyne,NEC,29,14-15,"101.8
311","113.2
255",".2270
301","53.1
96","49.5
86","19.5
330","15.0
289","25.5
334","29.8
136","40.4
57","32.0
102","53.3
115","46.6
17","35.2
103","36.1
296","40.8
154","38.9
160","69.3
74","-11.8
279"
302,"Cleveland St.
   (H) 261 Purdue Fort Wayne (lost)",Horz,29,10-19,"112.1
123","124.7
364",".2260
302","54.6
55","56.9
355","18.1
266","14.8
309","27.8
274","37.4
359","39.4
74","35.4
184","52.0
170","59.1
360","38.0
19","36.2
300","52.3
6","45.0
332","69.2
77","-14.5
324"
303,NJIT,AE,29,15-14,"101.1
319","112.7
246",".2221
303","47.6
321","49.7
95","16.6
158","15.7
251","26.1
320","32.3
267","34.2
211","38.8
272","47.9
311","50.9
139","31.3
304","31.9
65","40.5
159","40.4
215","67.8
145","-9.6
233"
304,Texas Southern,SWAC,26,10-16,"103.8
273","115.7
295",".2221
304","50.4
217","53.5
275","18.7
297","16.5
192","27.2
294","31.6
223","38.7
88","44.8
347","50.3
240","55.1
304","33.8
187","34.2
194","33.8
296","42.8
289","68.5
106","-11.0
255"
305,"Lehigh
   (H) 258 Boston University (won)",Pat,29,13-16,"101.9
310","113.7
261",".2216
305","52.3
138","51.2
172","17.7
241","16.9
168","22.2
354","32.9
296","30.7
294","33.2
125","52.0
170","51.0
144","35.2
103","34.3
200","39.0
193","31.4
9","66.7
212","-12.3
286"
306,Loyola Chicago,A10,28,6-22,"103.6
278","115.6
294",".2196
306","49.0
283","53.0
258","19.6
334","13.2
353","31.2
160","30.7
181","34.4
206","33.4
131","51.4
194","49.6
92","30.8
322","38.2
357","47.6
27","43.7
310","66.1
238","-15.5
338"
307,Jacksonville,ASun,29,10-19,"102.4
297","114.3
273",".2192
307","49.7
251","54.8
317","17.8
248","15.2
278","30.2
195","30.1
155","33.0
234","42.7
329","51.9
174","54.9
301","30.7
326","36.5
313","38.8
197","34.8
45","62.9
354","-14.0
318"
308,Alabama A&M,SWAC,28,16-12,"103.4
283","115.5
293",".2188
308","48.4
307","52.0
215","17.0
193","16.9
168","27.3
289","29.5
124","44.7
15","37.3
238","47.6
317","51.2
156","33.3
217","35.5
260","33.8
296","37.8
127","65.1
294","-8.8
219"
309,Bellarmine,ASun,28,11-17,"114.6
91","128.1
365",".2174
309","59.4
6","59.7
365","15.7
104","15.0
289","21.7
358","33.6
310","33.9
218","33.6
135","60.7
7","59.0
358","38.3
13","40.3
365","41.8
138","52.6
364","64.0
331","-12.7
292"
310,Evansville,MVC,28,6-22,"101.1
317","113.2
256",".2147
310","49.1
280","54.9
319","19.4
325","16.3
209","22.4
352","30.6
176","29.8
319","31.6
90","49.9
254","54.5
292","32.0
279","37.0
331","43.0
109","42.8
289","66.8
200","-15.7
341"
311,Alabama St.,SWAC,28,9-19,"100.1
331","112.2
238",".2124
311","47.1
335","52.7
239","18.7
297","19.4
43","32.2
125","32.0
250","35.5
175","42.2
324","46.0
342","53.1
240","32.6
250","34.8
228","38.0
218","41.0
239","69.1
86","-13.7
315"
312,West Georgia,ASun,28,12-16,"103.0
292","116.2
300",".1993
312","49.1
280","54.4
301","15.8
111","14.9
301","31.4
151","30.1
155","29.8
319","36.8
223","48.3
300","56.1
321","33.7
192","34.4
206","32.9
315","36.9
101","68.7
102","-11.8
277"
313,Ball St.,MAC,27,8-19,"98.8
342","111.5
222",".1985
313","46.0
346","54.0
291","16.7
172","18.8
72","27.1
297","31.9
243","32.2
256","31.6
90","45.8
344","54.4
288","30.8
322","35.7
274","39.9
170","42.4
278","63.4
347","-14.9
333"
314,Florida A&M,SWAC,26,11-15,"98.8
341","111.6
224",".1985
314","49.3
272","52.4
231","21.9
360","19.1
54","29.6
217","31.0
193","37.9
108","40.3
296","49.1
280","51.9
196","33.0
230","35.6
265","39.2
191","34.3
34","67.7
153","-11.3
269"
315,UMass Lowell,AE,28,13-15,"103.9
270","117.3
317",".1984
315","51.0
196","53.5
275","18.7
297","14.5
324","32.1
132","29.1
108","37.3
127","28.4
35","51.2
200","54.3
287","33.6
200","34.6
216","30.9
342","35.4
56","69.3
72","-11.0
257"
316,Albany,AE,28,10-18,"104.0
268","117.5
318",".1980
316","50.8
206","53.3
265","18.2
271","15.8
246","31.9
134","33.0
299","26.5
353","35.5
189","52.2
162","53.0
237","32.4
259","35.9
284","37.3
229","40.0
196","65.2
293","-14.5
323"
317,Houston Christian,Slnd,28,10-18,"102.9
293","116.3
301",".1977
317","49.9
243","55.1
325","19.0
315","17.2
149","30.4
186","32.0
250","36.4
153","30.7
71","50.1
246","56.3
328","33.0
230","35.5
260","36.7
237","37.6
118","63.5
345","-13.3
306"
318,Wagner,NEC,27,11-16,"103.7
277","118.3
325",".1791
318","49.8
247","51.8
202","18.9
306","15.5
260","33.3
93","30.6
176","32.9
237","42.0
322","46.7
331","50.7
126","36.9
36","35.8
280","35.7
257","36.5
87","65.3
286","-12.8
293"
319,North Florida,ASun,29,6-23,"109.2
171","124.7
363",".1785
319","53.8
71","56.6
352","18.4
278","12.6
361","25.6
329","37.4
359","27.5
348","31.8
94","53.4
112","59.0
358","36.1
61","35.2
241","51.8
7","39.3
175","70.1
42","-17.2
352"
320,Stetson,ASun,29,10-19,"104.1
266","119.0
338",".1772
320","52.0
150","55.9
343","18.5
286","15.3
272","26.8
302","32.3
267","32.8
240","29.6
53","51.3
197","58.9
357","35.2
103","34.6
216","44.9
66","41.9
262","66.6
214","-14.3
322"
321,Prairie View A&M,SWAC,28,11-17,"102.0
307","116.9
312",".1729
321","47.4
328","53.4
272","16.5
154","19.5
35","26.0
322","36.1
348","45.4
8","46.0
352","47.7
312","52.8
227","31.3
304","36.4
307","30.8
345","33.9
25","72.5
7","-12.9
296"
322,Little Rock,OVC,29,11-18,"102.0
308","117.3
316",".1668
322","49.3
272","53.1
261","18.7
297","19.3
47","31.5
150","36.5
354","27.5
348","31.5
88","47.7
312","53.0
237","35.2
103","35.5
260","30.9
342","41.8
258","66.0
245","-14.6
325"
323,Norfolk St.,MEAC,28,14-14,"101.2
315","116.6
308",".1643
323","49.7
251","51.1
163","19.4
325","19.3
47","31.8
141","32.6
283","44.4
16","44.5
345","48.0
309","54.7
297","35.6
78","30.8
34","31.0
340","41.5
250","67.6
159","-10.6
250"
324,Northern Illinois,MAC,26,9-17,"97.1
349","111.9
231",".1638
324","48.3
308","54.5
303","22.3
361","16.8
179","32.2
125","29.9
140","37.9
108","39.9
289","48.1
308","57.1
342","32.3
262","33.4
145","45.3
58","37.0
103","67.3
178","-12.3
288"
325,New Haven,NEC,28,13-15,"97.3
348","112.1
234",".1636
325","48.9
287","52.1
221","18.5
286","17.2
149","22.6
350","27.7
55","30.5
301","27.3
21","50.9
215","51.7
186","30.5
329","35.1
240","38.8
197","38.1
137","63.1
350","-11.1
260"
RK,TEAM,CONF,G,REC,ADJOE,ADJDE,BARTHAG,EFG%,EFGD%,TOR,TORD,ORB,DRB,FTR,FTRD,2P%,2P%D,3P%,3P%D,3PR,3PRD,ADJ T.,WAB
326,Cal St. Bakersfield,BW,28,8-20,"101.5
312","117.0
313",".1631
326","45.0
358","53.4
272","19.3
323","17.9
110","31.6
148","35.6
345","41.0
50","43.4
337","45.3
353","52.9
232","29.4
348","36.1
296","28.3
359","39.0
168","69.5
66","-14.8
331"
327,Loyola MD,Pat,29,11-18,"103.7
276","119.6
341",".1622
327","50.7
208","54.3
299","16.0
122","15.3
272","27.4
285","28.9
101","30.6
298","32.2
103","51.9
174","58.2
349","32.9
242","32.3
82","47.3
30","40.0
196","68.4
116","-15.0
334"
328,Tennessee Tech,OVC,29,13-16,"102.2
302","118.0
320",".1616
328","49.5
265","51.4
184","19.2
320","15.4
266","32.3
119","31.2
206","33.9
218","31.2
84","50.5
230","49.8
99","31.7
295","36.2
300","36.2
242","36.1
79","66.7
210","-12.9
295"
329,"Holy Cross
   (A) 336 Bucknell (won)",Pat,29,10-19,"102.3
301","118.0
322",".1613
329","50.2
224","54.6
311","15.5
91","14.3
332","21.7
358","27.6
53","31.2
277","27.9
26","50.7
223","57.5
346","33.0
230","33.4
145","37.6
226","39.5
179","65.2
291","-15.2
337"
330,"Lafayette
   (H) 230 American (lost)",Pat,29,9-20,"100.3
326","115.9
296",".1596
330","48.8
291","53.6
280","15.7
104","15.3
272","26.2
319","29.3
118","32.0
264","31.2
84","49.5
265","53.2
243","31.9
282","36.1
296","40.0
167","37.9
130","66.5
221","-16.3
344"
331,Oral Roberts,Sum,29,7-22,"99.7
334","115.3
290",".1575
331","48.1
314","54.9
319","18.6
293","15.0
289","27.5
284","32.7
285","33.7
225","39.2
280","50.1
246","53.0
237","30.4
330","38.7
363","45.6
50","35.9
73","67.2
182","-17.1
351"
332,Manhattan,MAAC,29,12-17,"106.2
241","123.3
359",".1515
332","48.6
298","54.3
299","15.4
84","16.2
216","28.6
251","36.7
356","34.2
211","25.4
9","48.2
302","54.0
273","32.9
242","36.5
313","37.2
230","37.7
120","67.8
146","-13.3
303"
333,Eastern Illinois,OVC,29,11-18,"95.7
356","111.2
212",".1504
333","45.3
354","50.9
150","18.6
293","19.5
35","28.6
251","34.8
329","32.9
237","37.3
238","44.5
357","54.0
273","31.3
304","31.0
38","30.1
351","40.5
217","65.7
261","-13.5
310"
334,Fairleigh Dickinson,NEC,29,11-18,"102.1
305","118.8
335",".1493
334","47.5
324","54.5
303","17.7
241","16.1
224","31.9
134","28.2
72","32.8
240","36.8
223","49.2
275","53.1
240","30.3
335","37.7
350","45.8
46","40.8
231","64.0
333","-13.9
317"
335,Jackson St.,SWAC,27,9-18,"102.1
306","118.9
337",".1468
335","46.4
338","53.5
275","19.7
336","15.4
266","27.6
279","37.2
358","34.9
192","42.2
324","45.6
347","55.5
311","31.7
295","33.8
164","43.1
105","40.9
234","70.0
44","-11.3
270"
336,"Bucknell
   (H) 329 Holy Cross (lost)",Pat,29,8-21,"98.2
346","115.1
287",".1391
336","47.7
320","55.0
321","18.9
306","17.6
123","26.5
311","31.2
206","30.8
288","36.5
214","49.7
261","53.3
245","30.0
343","38.0
355","43.1
105","44.1
317","66.7
213","-16.6
346"
337,Army,Pat,29,11-18,"102.3
298","120.1
346",".1374
337","49.5
265","55.2
329","16.8
176","15.2
278","29.5
223","28.0
66","27.9
343","39.5
282","49.6
263","56.1
321","33.0
230","36.0
289","52.4
5","42.0
265","66.5
220","-14.6
327"
338,New Hampshire,AE,26,8-18,"97.0
350","114.2
270",".1326
338","46.3
340","52.4
231","17.0
193","15.7
251","25.5
334","27.5
51","28.3
338","37.8
248","46.7
331","54.0
273","30.4
330","33.1
129","42.1
131","36.5
87","67.3
175","-13.5
309"
339,Chicago St.,NEC,29,7-22,"100.6
324","118.6
329",".1313
339","45.3
354","56.5
350","15.8
111","19.9
26","28.3
262","34.7
325","30.1
310","37.1
232","43.8
360","61.0
365","32.5
253","35.0
234","31.0
340","52.5
363","65.5
272","-16.3
343"
340,"Niagara
   (A) 357 Rider (lost)",MAAC,28,7-21,"99.3
336","117.0
314",".1311
340","50.1
230","52.9
247","18.9
306","16.8
179","24.1
346","33.0
299","26.4
357","33.9
144","50.1
246","52.7
220","33.5
208","35.4
253","40.6
157","40.0
196","62.0
364","-17.4
354"
341,Southern Indiana,OVC,28,7-21,"96.2
354","113.6
259",".1285
341","44.0
362","48.9
67","17.6
234","16.8
179","30.8
174","34.1
320","37.7
116","36.5
214","43.0
363","48.8
64","30.2
338","32.9
115","40.5
159","26.8
1","67.7
157","-18.5
358"
342,Alcorn St.,SWAC,26,7-19,"100.2
328","118.6
330",".1253
342","48.8
291","56.9
355","20.0
344","19.0
60","28.1
268","37.1
357","29.0
328","40.9
304","46.9
328","59.5
361","34.9
127","35.0
234","34.5
284","36.8
96","67.8
143","-13.2
301"
343,"UTSA
   (A) 67 Tulsa (lost)",Amer,27,5-22,"100.2
327","118.7
331",".1251
343","44.5
361","53.8
288","17.9
254","14.9
301","29.9
207","38.0
363","29.1
327","34.0
149","45.4
349","53.8
269","28.8
353","35.9
284","41.9
136","42.9
293","68.3
123","-16.1
342"
344,North Alabama,ASun,27,8-19,"101.1
318","119.9
343",".1238
344","48.2
313","55.6
336","17.2
200","14.4
328","30.9
171","32.0
250","37.3
127","31.1
81","49.0
282","56.2
323","31.0
318","36.5
313","33.8
296","44.8
329","64.8
308","-15.1
335"
345,Air Force,MWC,27,3-24,"96.5
352","114.5
276",".1222
345","49.0
283","57.0
358","22.4
362","15.2
278","21.9
356","31.2
206","34.6
203","36.6
220","50.7
223","56.7
339","31.2
308","38.3
359","43.0
109","38.9
160","65.8
258","-16.6
347"
346,Louisiana Monroe,SB,29,4-25,"101.9
309","121.6
354",".1157
346","48.3
308","56.5
350","17.5
227","15.9
240","25.5
334","35.9
347","38.3
101","27.3
21","47.6
317","58.4
351","33.0
230","35.9
284","41.1
148","41.8
258","70.5
31","-20.6
363"
347,Stonehill,NEC,29,10-19,"91.2
363","108.9
164",".1147
347","46.2
343","48.5
57","20.4
348","13.4
349","28.2
264","27.1
41","26.4
357","30.2
65","45.8
344","47.6
45","31.1
312","33.7
158","39.8
174","32.7
16","65.7
259","-15.6
339"
348,"Canisius
   (A) 284 Mount St. Mary's (lost)",MAAC,29,9-20,"95.5
357","114.6
278",".1097
348","46.3
340","52.9
247","19.9
340","16.3
209","29.6
217","30.0
149","31.5
271","34.1
152","43.8
360","54.8
299","33.3
217","33.7
158","39.8
174","44.0
316","63.8
336","-16.7
348"
349,Saint Francis,NEC,28,6-22,"100.5
325","121.4
352",".1027
349","48.6
298","58.8
364","18.4
278","19.0
60","27.4
285","34.0
317","30.5
301","39.9
289","46.4
337","60.0
364","34.8
135","38.0
355","38.8
197","40.5
217","69.8
53","-17.7
356"
350,Maine,AE,28,7-21,"93.1
361","112.5
244",".1012
350","49.0
283","50.4
120","19.4
325","19.2
52","20.3
364","35.1
335","38.3
101","34.8
167","51.2
200","53.8
269","30.2
338","29.8
14","37.1
231","36.7
92","64.7
314","-17.7
355"
351,North Carolina Central,MEAC,26,10-16,"100.8
322","122.7
357",".0938
351","46.9
336","55.8
339","18.4
278","18.9
69","29.3
230","38.1
364","38.7
88","38.0
257","46.5
336","56.2
323","31.8
288","36.9
330","33.3
310","42.3
275","66.0
249","-11.2
263"
352,The Citadel,SC,29,9-20,"98.3
345","119.8
342",".0934
352","48.3
308","57.2
360","16.9
186","14.7
316","28.4
259","30.4
165","30.0
312","34.0
149","49.4
270","58.8
356","31.3
304","36.7
323","47.8
25","43.9
315","64.1
328","-16.8
349"
353,UMKC,Sum,28,4-24,"94.7
358","116.5
306",".0848
353","46.0
346","55.8
339","18.9
306","16.5
192","27.3
289","36.1
348","28.1
339","31.5
88","48.3
300","56.2
323","27.9
364","36.8
328","35.8
255","39.1
170","69.6
60","-18.8
359"
354,Morgan St.,MEAC,25,11-14,"99.4
335","122.3
356",".0847
354","45.8
350","53.3
265","18.5
286","16.9
168","31.3
156","34.1
320","42.1
38","53.5
364","45.4
349","55.4
310","30.9
321","32.7
102","34.0
294","33.9
25","70.3
34","-11.2
262"
355,South Carolina St.,MEAC,26,7-19,"96.3
353","118.5
328",".0837
355","46.5
337","55.4
332","20.7
351","18.2
94","30.5
183","37.6
361","39.0
80","51.3
363","44.0
358","58.5
352","34.4
155","33.9
174","33.5
305","40.0
196","68.4
117","-14.6
326"
356,Maryland Eastern Shore,MEAC,28,8-20,"94.3
359","116.3
302",".0826
356","47.5
324","50.9
150","23.4
365","17.3
144","30.2
195","33.6
310","29.3
324","42.4
327","49.5
265","51.8
188","29.1
350","33.0
122","34.1
292","40.2
207","62.9
355","-14.6
328"
357,"Rider
   (H) 340 Niagara (won)",MAAC,27,4-23,"97.8
347","121.5
353",".0761
357","43.1
364","55.1
325","17.0
193","15.0
289","33.3
93","33.4
306","30.7
294","31.8
94","43.3
362","54.4
288","28.3
359","37.4
345","26.8
361","40.0
196","65.2
290","-17.9
357"
358,Bryant,AE,27,8-19,"96.9
351","121.3
351",".0702
358","46.2
343","52.9
247","20.5
349","14.8
309","28.9
236","31.6
223","28.6
335","33.3
129","48.6
292","51.2
156","29.2
349","37.3
343","48.5
23","35.8
70","64.3
323","-15.2
336"
359,VMI,SC,29,6-23,"99.2
338","124.5
362",".0684
359","47.4
328","56.8
354","15.8
111","16.3
209","25.5
334","37.8
362","30.8
288","36.5
214","47.4
319","58.5
352","31.6
297","36.6
320","53.4
2","46.7
351","66.8
207","-19.5
360"
360,Binghamton,AE,29,6-23,"98.4
344","123.6
360",".0678
360","49.2
277","54.8
317","18.9
306","13.2
353","21.3
362","29.9
140","42.6
35","35.0
172","49.8
258","55.6
314","31.9
282","35.6
265","30.6
349","38.4
143","65.3
285","-20.4
361"
361,Gardner Webb,BSth,29,3-26,"95.8
355","124.0
361",".0491
361","47.9
318","57.7
361","20.3
346","14.9
301","23.0
349","36.6
355","30.6
298","36.1
205","48.6
292","59.6
362","31.2
308","36.7
323","39.7
179","41.2
244","70.0
45","-20.5
362"
362,Delaware St.,MEAC,26,6-20,"89.0
365","115.4
291",".0479
362","42.3
365","54.7
313","19.6
334","20.1
23","25.6
329","31.9
243","35.0
188","40.5
298","42.0
364","56.6
334","28.7
354","34.2
194","29.0
355","35.8
70","66.3
229","-17.0
350"
363,Coppin St.,MEAC,28,7-21,"92.6
362","120.6
348",".0455
363","45.8
350","55.6
336","22.7
363","17.6
123","29.9
207","34.7
325","38.6
94","43.6
339","45.4
349","54.1
280","31.0
318","38.4
360","35.7
257","43.5
308","68.5
110","-16.5
345"
364,Western Illinois,OVC,29,5-24,"94.0
360","122.8
358",".0443
364","44.6
360","54.1
295","17.5
227","15.0
289","27.6
279","35.1
335","37.5
120","35.8
200","44.0
358","54.2
282","30.6
327","35.9
284","32.6
321","35.2
53","66.1
239","-21.2
364"
365,Mississippi Valley St.,SWAC,28,2-26,"90.8
364","121.9
355",".0325
365","44.7
359","56.4
348","21.5
357","16.9
168","25.9
325","36.1
348","33.2
232","48.8
361","45.2
354","56.5
330","29.0
352","37.5
346","29.8
352","43.8
312","66.8
204","-21.3
365"
RK,TEAM,CONF,G,REC,ADJOE,ADJDE,BARTHAG,EFG%,EFGD%,TOR,TORD,ORB,DRB,FTR,FTRD,2P%,2P%D,3P%,3P%D,3PR,3PRD,ADJ T.,WAB
