RK,TEAM,CONF,G,REC,ADJOE,ADJDE,BARTHAG,EFG%,EFGD%,TOR,TORD,ORB,DRB,FTR,FTRD,2P%,2P%D,3P%,3P%D,3PR,3PRD,ADJ T.,WAB
1,"Michigan
   1 seed, ✅",B10,36,33-3,"128.8
4","92.4
4",".9785
1","58.7
6","45.2
3","16.5
160","15.3
262","35.0
47","27.1
40","37.7
108","26.2
15","61.5
2","44.5
4","36.6
36","30.8
30","41.7
139","42.2
273","71.0
21","+14.3
1"
2,"Arizona
   1 seed, ✅",B12,36,34-2,"127.3
7","91.6
1",".9778
2","54.9
41","44.8
1","15.1
68","16.4
189","38.8
4","26.6
25","43.9
11","27.0
22","55.0
54","43.7
2","36.4
42","31.1
37","26.8
362","37.6
117","69.8
54","+13.8
2"
3,"Duke
   1 seed, ✅",ACC,36,34-2,"127.1
8","91.6
2",".9774
3","56.6
13","45.9
9","15.9
127","17.7
110","38.3
5","24.9
8","37.9
103","23.0
2","60.3
6","46.0
14","34.6
141","30.5
19","44.3
82","45.2
337","65.9
266","+13.6
3"
4,"Houston
   2 seed, ✅",B12,36,30-6,"125.5
13","91.8
3",".9735
4","52.2
134","46.0
11","12.9
5","20.7
13","36.0
25","30.2
169","27.0
351","38.6
274","52.0
166","45.2
9","34.9
125","31.4
42","40.5
156","41.4
251","63.4
352","+9.1
6"
5,"Florida
   1 seed, ❌",SEC,35,27-8,"126.9
10","93.2
6",".9720
5","54.1
64","46.1
12","16.3
154","15.3
262","43.3
2","24.8
7","39.0
80","34.0
151","58.5
17","45.1
7","31.2
314","32.1
65","37.0
230","34.1
31","70.2
38","+8.8
7"
6,"Illinois
   3 seed, ✅",B10,34,26-8,"132.4
2","98.2
22",".9688
6","55.3
32","47.5
30","13.0
6","11.7
365","39.2
3","26.8
31","32.7
243","19.7
1","58.1
20","48.3
46","35.0
110","31.0
34","50.4
15","42.5
281","65.7
274","+6.9
16"
7,"Iowa St.
   2 seed, ✅",B12,36,29-7,"124.2
17","92.8
5",".9660
7","56.5
14","49.6
85","14.9
58","22.5
4","35.5
35","28.0
65","34.3
200","28.1
33","55.6
48","50.8
126","38.7
9","32.0
61","38.8
193","42.7
287","67.2
192","+7.5
14"
8,"Purdue
   2 seed, ✅",B10,37,29-8,"133.6
1","100.4
35",".9637
8","58.2
9","52.1
218","13.8
18","15.6
242","36.4
19","26.7
29","28.7
334","25.2
7","58.2
18","53.2
244","38.8
6","33.9
173","40.6
153","44.3
326","64.5
325","+9.6
4"
9,"Connecticut
   2 seed, ✅",BE,36,31-5,"123.3
27","95.3
13",".9510
9","55.3
32","45.8
8","16.9
191","18.0
96","36.2
23","28.2
71","30.2
303","40.6
308","57.5
25","45.7
11","34.7
134","30.7
26","40.5
156","36.3
86","64.7
319","+9.3
5"
10,"St. John's
   5 seed, ✅",BE,36,30-6,"120.3
38","93.3
8",".9489
10","50.9
196","47.2
23","14.6
46","19.2
40","35.5
35","29.7
143","41.0
48","31.5
97","51.5
189","47.4
37","33.2
215","31.2
39","34.7
281","33.3
23","69.5
70","+7.7
12"
11,"Michigan St.
   3 seed, ✅",B10,34,27-7,"123.6
25","96.1
14",".9476
11","54.1
64","48.7
51","17.2
214","14.9
292","37.9
9","22.5
1","36.0
150","30.2
61","53.7
93","48.4
47","36.5
39","32.7
99","36.7
236","46.3
345","66.2
250","+7.7
11"
12,"Tennessee
   6 seed, ✅",SEC,35,24-11,"122.1
31","95.1
12",".9463
12","51.9
150","47.5
30","17.3
223","16.2
205","44.8
1","28.0
65","38.3
94","35.3
186","52.3
153","49.0
63","34.0
169","30.5
19","31.9
330","44.9
331","65.2
296","+4.4
24"
13,"Vanderbilt
   5 seed, ❌",SEC,36,27-9,"127.8
6","100.2
33",".9424
13","55.3
32","49.0
67","13.5
15","17.7
110","31.2
155","31.5
226","38.1
100","39.5
294","56.9
32","49.0
63","35.6
79","32.6
90","44.2
86","37.9
123","68.8
105","+7.6
13"
14,"Alabama
   4 seed, ✅",SEC,34,25-9,"130.3
3","102.2
57",".9423
14","55.5
30","48.9
61","13.2
10","12.8
358","32.6
100","32.7
287","36.5
139","32.1
105","57.2
27","48.2
44","36.1
52","33.3
138","53.9
1","35.2
50","73.0
4","+6.8
17"
15,"Nebraska
   4 seed, ✅",B10,34,28-6,"117.7
59","93.2
7",".9358
15","55.6
26","47.7
35","14.4
37","19.2
40","26.4
311","27.7
54","26.4
355","25.2
7","58.1
20","50.3
109","35.5
88","30.1
8","50.7
11","50.0
361","66.6
227","+7.8
8"
16,"Gonzaga
   3 seed, ❌",WCC,35,31-4,"119.4
46","94.6
11",".9358
16","55.6
26","46.3
14","13.6
16","20.0
22","34.8
52","25.7
16","31.0
281","30.9
82","58.2
18","46.6
20","33.3
207","30.6
22","30.8
342","42.8
289","68.7
107","+7.4
15"
17,"Texas Tech
   5 seed, ❌",B12,34,23-11,"126.0
11","99.8
29",".9357
17","56.1
21","49.7
87","15.8
119","14.8
303","33.2
83","30.6
183","27.7
344","31.4
89","53.9
88","50.5
118","39.1
4","32.1
65","47.6
29","35.9
73","66.2
249","+5.2
20"
18,"Virginia
   3 seed, ❌",ACC,36,30-6,"122.6
30","97.5
19",".9329
18","54.6
50","45.7
7","16.0
136","15.4
255","37.9
9","29.2
119","32.3
252","32.9
128","54.9
59","44.8
6","36.2
48","31.6
48","46.7
36","37.8
122","65.6
278","+7.8
9"
19,"Arkansas
   4 seed, ✅",SEC,36,28-8,"128.2
5","102.1
55",".9325
19","56.5
14","51.4
177","12.2
1","15.6
242","32.1
120","31.0
198","35.8
160","30.3
66","55.8
44","54.0
275","38.7
9","31.5
44","32.9
316","38.7
154","71.2
19","+7.8
10"
20,"Louisville
   6 seed, ❌",ACC,35,24-11,"123.6
24","98.6
24",".9305
20","56.5
14","48.7
51","16.8
181","16.7
172","32.8
93","27.5
50","33.1
233","33.0
130","59.4
12","48.9
61","36.0
59","32.3
75","52.9
4","39.5
182","69.7
61","+3.9
27"
21,"Kansas
   4 seed, ❌",B12,35,24-11,"117.1
65","94.0
9",".9259
21","51.2
183","45.0
2","15.6
108","13.8
340","29.2
227","29.9
152","32.2
255","27.4
26","50.9
215","44.4
3","34.6
141","30.6
22","35.2
267","41.8
264","67.7
167","+6.4
18"
22,"Wisconsin
   5 seed, ❌",B10,35,24-11,"126.9
9","101.9
50",".9256
22","54.5
51","51.4
177","12.8
3","14.3
325","29.1
232","28.2
71","31.5
267","29.8
55","54.7
64","52.2
203","36.2
48","33.4
143","52.1
6","40.6
223","68.8
104","+5.7
19"
23,"Iowa
   9 seed, ✅",B10,35,23-12,"123.9
20","100.5
36",".9172
23","56.3
18","52.7
248","15.3
83","20.5
15","30.8
170","28.2
71","35.5
163","39.1
286","58.8
14","54.1
279","35.3
95","33.7
165","42.0
134","39.4
178","62.7
362","+2.2
36"
24,"Ohio St.
   8 seed, ❌",B10,34,21-13,"124.6
16","101.6
47",".9124
24","56.2
20","50.2
108","15.3
83","15.6
242","30.4
182","30.0
156","37.2
122","34.7
171","58.0
23","51.9
186","35.7
73","31.9
57","40.1
168","40.3
212","66.1
254","+3.2
31"
25,"UCLA
   7 seed, ❌",B10,36,24-12,"123.9
19","101.4
46",".9092
25","53.4
85","50.4
120","13.4
11","18.5
70","31.0
162","33.3
304","33.1
233","34.4
163","51.4
196","52.3
212","37.9
19","32.0
61","35.5
257","44.8
330","64.8
313","+3.9
28"
RK,TEAM,CONF,G,REC,ADJOE,ADJDE,BARTHAG,EFG%,EFGD%,TOR,TORD,ORB,DRB,FTR,FTRD,2P%,2P%D,3P%,3P%D,3PR,3PRD,ADJ T.,WAB
26,"Utah St.
   9 seed, ❌",MWC,36,29-7,"123.7
23","102.5
63",".8968
26","56.3
18","49.7
87","15.1
68","20.3
18","32.7
97","32.8
288","38.8
82","39.2
291","59.6
10","48.2
44","34.3
153","34.5
215","40.8
150","40.8
233","67.5
178","+4.4
23"
27,"North Carolina
   6 seed, ❌",ACC,33,24-9,"120.6
36","100.0
31",".8961
27","54.3
57","48.3
42","13.9
19","13.6
344","31.2
155","27.8
60","37.1
125","23.8
3","56.5
37","46.2
16","34.2
158","34.7
228","42.2
131","37.0
103","68.0
144","+4.9
21"
28,"Saint Mary's
   7 seed, ❌",WCC,33,27-6,"117.9
57","98.0
21",".8935
28","52.8
108","46.8
18","16.8
181","15.2
271","37.5
11","23.9
4","35.5
163","25.7
10","49.8
260","46.7
22","38.7
9","31.3
40","36.4
241","37.0
103","65.0
305","+4.0
26"
29,"Kentucky
   7 seed, ❌",SEC,36,22-14,"119.9
41","100.0
30",".8896
29","53.3
87","48.9
61","15.4
93","15.5
248","33.2
83","30.0
156","37.4
115","36.4
224","54.7
64","49.7
88","34.2
158","31.8
54","39.7
178","39.9
199","68.3
131","+3.5
30"
30,Cincinnati,B12,33,18-15,"112.4
112","94.0
10",".8861
30","50.5
212","47.3
26","17.0
201","18.2
88","30.6
176","27.3
45","29.4
322","30.0
58","50.2
248","47.9
41","33.9
176","31.0
34","43.8
92","39.9
199","67.7
166","-1.9
71"
31,"Santa Clara
   10 seed, ❌",WCC,35,26-9,"125.0
14","104.6
87",".8855
31","54.4
54","52.0
209","15.4
93","19.9
25","36.4
19","32.1
260","25.5
363","38.2
264","56.1
41","53.5
253","34.9
125","33.1
125","45.0
66","38.4
146","69.2
84","+2.1
40"
32,Indiana,B10,32,18-14,"122.0
32","102.1
56",".8854
32","56.1
21","49.0
67","15.1
68","15.1
272","26.9
298","29.3
122","35.0
177","37.0
236","60.3
6","48.6
52","34.7
134","33.1
125","50.5
14","36.8
96","66.2
245","-0.09
51"
33,"Miami FL
   7 seed, ❌",ACC,35,26-9,"120.8
35","101.2
42",".8842
33","55.3
32","51.7
193","16.2
150","18.2
88","37.2
16","25.9
19","37.1
125","29.5
50","56.7
35","50.4
115","34.9
125","35.8
293","31.9
330","40.9
237","67.9
149","+3.8
29"
34,"BYU
   6 seed, ❌",B12,35,23-12,"124.2
18","104.6
86",".8780
34","54.4
54","51.2
165","15.2
77","16.4
189","34.3
61","29.6
137","34.4
197","28.9
42","56.2
40","50.1
102","34.5
145","35.3
263","39.8
172","39.0
162","69.7
60","+4.7
22"
35,"Villanova
   8 seed, ❌",BE,33,24-9,"119.8
42","101.0
38",".8779
35","53.8
72","51.4
177","15.0
62","18.6
66","32.2
116","31.8
243","30.9
284","30.0
58","54.0
84","52.2
203","35.7
73","33.4
143","45.7
51","36.8
96","65.1
302","+4.3
25"
36,"Clemson
   8 seed, ❌",ACC,35,24-11,"116.7
70","98.3
23",".8773
36","52.6
119","48.8
57","14.0
22","17.4
123","28.1
259","26.3
21","36.7
136","33.9
146","53.6
98","49.0
63","34.1
166","32.4
84","43.1
108","43.2
302","64.1
337","+3.1
32"
37,Oklahoma,SEC,34,19-15,"125.6
12","106.1
115",".8745
37","55.1
37","51.2
165","14.4
37","15.3
262","33.6
76","33.0
296","35.9
153","34.0
151","55.0
54","51.1
146","36.8
31","34.2
193","43.8
92","39.7
191","66.2
246","-0.22
54"
38,"Texas A&M
   10 seed, ❌",SEC,34,22-12,"119.5
44","101.2
39",".8711
38","53.8
72","50.7
137","14.7
49","18.4
78","32.0
122","33.0
296","37.1
125","35.3
186","53.8
90","52.9
232","35.9
63","31.8
54","46.2
42","41.8
264","70.7
26","+1.8
41"
39,"Saint Louis
   9 seed, ❌",A10,35,29-6,"120.4
37","102.2
58",".8673
39","59.7
2","45.2
3","17.2
214","15.9
225","30.7
173","27.2
42","33.7
221","37.1
239","59.5
11","45.1
7","39.9
2","30.3
12","45.1
64","41.9
269","71.0
22","+2.1
38"
40,"Texas
   11 seed, ✅",SEC,35,21-14,"123.5
26","105.0
92",".8670
40","53.9
70","50.7
137","15.1
68","13.2
350","35.4
37","26.6
25","44.7
7","39.8
299","54.8
62","49.8
91","34.8
128","35.1
249","35.5
257","33.1
20","66.8
215","-0.11
52"
41,"N.C. State
   11 seed, ❌",ACC,34,20-14,"122.9
28","104.6
88",".8649
41","55.0
38","52.7
248","13.1
9","18.2
88","28.2
256","30.5
180","35.1
173","36.9
233","52.6
143","52.2
203","38.8
6","35.5
275","43.4
104","44.9
331","69.1
89","+0.33
45"
42,"Georgia
   8 seed, ❌",SEC,33,22-11,"123.8
22","105.4
100",".8644
42","54.2
60","50.6
131","14.3
29","18.4
78","34.9
49","34.9
336","36.9
131","30.2
61","57.0
30","50.7
124","33.8
183","33.6
161","44.3
82","37.6
117","72.2
11","+2.9
33"
43,Auburn,SEC,36,20-16,"124.8
15","106.7
126",".8588
43","52.5
126","53.8
291","14.5
41","16.0
222","37.3
15","31.0
198","43.9
11","34.4
163","53.8
90","52.7
224","33.7
186","37.0
343","40.3
164","39.9
199","67.4
181","+0.5
44"
44,San Diego St.,MWC,33,22-11,"112.5
111","96.5
16",".8532
44","52.7
112","48.2
41","17.2
214","20.3
18","29.5
220","31.1
205","39.0
80","38.5
271","53.2
118","46.2
16","34.5
145","33.6
161","33.8
300","47.3
354","68.7
108","+0.29
46"
45,"Missouri
   10 seed, ❌",SEC,33,20-13,"119.8
43","103.4
71",".8450
45","55.0
38","51.5
184","17.8
255","16.5
182","34.9
49","31.7
237","42.1
28","35.5
194","56.4
39","48.7
55","35.0
110","36.8
338","36.4
241","43.0
294","66.4
236","+1.4
42"
46,"VCU
   11 seed, ❌",A10,36,28-8,"118.3
51","102.3
59",".8427
46","53.6
79","49.0
67","15.1
68","17.0
149","31.6
139","30.0
156","42.0
30","32.8
126","53.0
127","48.7
55","36.3
47","33.0
120","43.8
92","35.1
48","68.6
111","+2.1
39"
47,Baylor,B12,32,16-16,"123.8
21","107.1
135",".8419
47","53.8
72","52.5
238","16.5
160","16.1
214","37.5
11","32.2
266","34.8
187","30.2
61","55.2
52","52.2
203","34.5
145","35.5
275","39.6
181","34.7
42","67.9
155","-2.0
73"
48,"SMU
   11 seed, ❌",ACC,34,20-14,"122.7
29","106.2
117",".8399
48","55.6
26","51.6
189","15.7
115","16.8
164","35.4
37","31.6
231","30.4
299","32.1
105","55.6
48","52.0
192","37.1
25","34.1
187","35.9
251","47.7
356","68.5
119","-0.06
50"
49,"TCU
   9 seed, ❌",B12,35,23-12,"114.6
86","99.3
27",".8392
49","50.4
217","51.2
165","15.3
83","19.6
32","34.0
67","29.1
109","37.5
113","30.5
73","50.8
217","51.8
182","33.2
215","33.5
152","36.8
233","38.3
143","67.5
174","+2.4
35"
50,New Mexico,MWC,36,26-10,"117.7
60","101.9
51",".8392
50","53.9
70","49.5
82","14.9
58","19.0
48","30.5
178","27.6
51","36.1
147","33.4
138","53.7
93","53.3
246","36.2
48","30.2
9","41.7
139","48.0
358","69.9
51","-0.12
53"
RK,TEAM,CONF,G,REC,ADJOE,ADJDE,BARTHAG,EFG%,EFGD%,TOR,TORD,ORB,DRB,FTR,FTRD,2P%,2P%D,3P%,3P%D,3PR,3PRD,ADJ T.,WAB
51,"South Florida
   11 seed, ❌",Amer,34,25-9,"116.9
68","101.3
43",".8380
51","50.6
205","48.8
57","15.1
68","19.1
44","38.1
7","31.9
250","40.4
55","39.1
286","52.0
166","46.9
26","32.5
253","34.5
215","43.8
92","39.7
191","71.4
17","+0.13
47"
52,Florida St.,ACC,33,18-15,"119.3
47","104.4
84",".8226
52","52.3
131","52.2
223","15.2
77","19.0
48","30.8
170","34.1
319","34.7
190","32.7
120","55.1
53","52.5
221","33.1
222","34.6
222","50.6
13","44.9
331","70.7
27","-1.8
69"
53,Washington,B10,33,16-17,"116.8
69","102.4
61",".8188
53","51.2
183","50.2
108","15.3
83","14.3
325","34.6
56","28.5
85","30.1
307","31.0
84","53.4
109","50.0
97","31.5
305","33.6
161","34.6
284","38.2
139","67.1
200","-2.7
80"
54,Boise St.,MWC,32,20-12,"118.3
52","103.8
78",".8186
54","52.2
134","52.7
248","16.9
191","14.5
318","33.2
83","23.6
3","42.7
22","32.1
105","52.7
138","53.3
246","34.3
153","34.4
208","43.1
108","36.8
96","65.8
272","-1.8
68"
55,Grand Canyon,MWC,32,20-12,"111.4
124","97.8
20",".8182
55","51.7
160","47.4
28","17.6
241","17.3
130","31.3
148","25.3
11","39.5
66","39.0
283","54.2
80","47.2
31","31.8
285","31.9
57","38.9
192","38.2
139","68.1
140","-2.7
81"
56,Virginia Tech,ACC,32,19-13,"117.5
61","103.7
74",".8092
56","52.2
134","50.8
144","14.9
58","17.2
133","31.9
126","32.6
284","34.0
207","28.8
39","51.5
189","54.1
279","35.5
88","30.6
22","39.7
178","39.6
188","67.2
191","-0.9
63"
57,Minnesota,B10,32,15-17,"116.0
73","102.3
60",".8091
57","54.2
60","51.9
205","16.6
169","17.1
137","27.2
288","29.8
148","35.9
153","27.3
25","56.0
42","51.7
175","34.8
128","34.7
228","47.1
31","41.7
260","62.7
361","-3.7
87"
58,Seton Hall,BE,33,21-12,"109.2
164","96.4
15",".8074
58","47.6
321","47.3
26","16.7
174","21.5
5","35.6
33","31.9
250","35.3
170","42.1
323","48.3
301","46.3
19","30.5
333","32.4
84","26.8
362","42.2
273","65.2
297","+0.11
48"
59,"UCF
   10 seed, ❌",B12,33,21-12,"119.4
45","105.6
104",".8047
59","52.6
119","52.1
218","16.0
136","15.7
233","35.0
47","28.8
94","30.5
295","34.9
175","51.7
178","52.9
232","36.2
48","33.9
173","34.8
278","39.4
178","69.3
80","+2.2
37"
60,Tulsa,Amer,36,29-7,"120.8
34","107.5
143",".7939
60","55.7
24","49.7
87","15.4
93","15.4
255","33.0
89","28.8
94","41.4
38","31.9
101","53.4
109","50.2
105","38.9
5","32.6
90","46.6
37","40.0
204","67.9
153","-0.7
59"
61,Northwestern,B10,34,15-19,"116.6
72","103.7
77",".7938
61","51.7
160","51.0
155","13.0
6","17.5
119","28.1
259","34.7
330","33.9
212","34.8
173","52.9
132","51.6
171","33.0
227","33.4
143","34.0
293","40.2
208","65.2
300","-3.4
84"
62,Stanford,ACC,32,20-12,"116.9
67","104.0
79",".7927
62","51.7
160","51.2
165","15.5
102","18.3
83","32.3
113","30.1
165","35.7
162","40.3
305","50.4
242","51.5
161","35.6
79","33.7
165","44.2
86","33.5
25","67.0
205","-0.9
62"
63,Arizona St.,B12,33,17-16,"115.1
77","102.6
65",".7912
63","51.1
188","52.4
233","17.1
207","18.5
70","29.8
206","34.9
336","39.5
66","34.3
158","51.7
178","52.3
212","33.4
200","35.0
243","38.4
201","40.3
212","69.3
81","-0.9
61"
64,Mississippi,SEC,35,15-20,"114.2
90","101.8
49",".7901
64","50.4
217","50.5
125","14.0
22","16.4
189","28.3
251","32.6
284","33.0
237","41.2
314","50.8
217","50.8
126","33.2
215","33.4
143","35.5
257","42.6
283","66.2
251","-4.1
92"
65,West Virginia,B12,32,18-14,"108.5
176","96.9
18",".7863
65","51.1
188","48.3
42","17.5
234","18.1
92","31.0
162","29.0
102","35.5
163","29.2
46","52.5
147","45.7
11","32.8
240","35.0
243","42.9
117","38.1
135","62.5
363","-1.9
70"
66,USC,B10,32,18-14,"113.5
96","101.8
48",".7771
66","50.4
217","49.7
87","17.4
227","16.3
199","32.4
111","32.2
266","44.2
8","33.4
138","51.8
175","52.0
192","31.7
289","30.9
31","34.1
292","40.4
218","70.8
24","-0.6
56"
67,LSU,SEC,32,15-17,"119.1
48","107.0
130",".7756
67","52.8
108","50.9
148","15.6
108","13.9
339","33.1
87","31.7
237","40.9
49","37.8
255","54.5
72","49.5
76","33.1
222","35.4
268","34.5
287","37.9
123","66.7
223","-4.1
94"
68,"McNeese St.
   12 seed, ❌",Slnd,34,28-6,"113.7
95","102.0
54",".7756
68","50.7
200","49.3
76","14.2
28","24.5
1","35.1
46","34.9
336","37.4
115","42.1
323","52.3
153","49.5
76","31.7
289","32.7
99","35.2
267","46.8
351","66.0
257","+0.9
43"
69,Butler,BE,32,16-16,"117.4
63","105.5
103",".7735
69","50.9
196","51.9
205","15.9
127","15.1
272","34.6
56","30.0
156","42.1
28","24.9
6","51.9
169","53.1
242","32.7
243","33.3
138","34.9
275","37.5
112","68.9
98","-3.9
91"
70,Dayton,A10,37,25-12,"111.3
126","100.4
34",".7661
70","51.6
167","51.0
155","16.9
191","21.0
11","26.9
298","28.8
94","46.2
2","35.5
194","52.1
165","49.6
81","33.9
176","35.4
268","41.4
142","40.9
237","66.7
224","-1.2
64"
71,"Akron
   12 seed, ❌",MAC,35,29-6,"117.8
58","106.3
118",".7650
71","58.2
9","51.2
165","15.5
102","18.3
83","33.4
79","29.9
152","29.2
327","30.4
70","58.8
14","49.6
81","38.2
16","35.5
275","44.8
72","43.1
299","70.2
37","-0.06
49"
72,California,ACC,34,22-12,"114.4
88","103.2
69",".7648
72","52.7
112","49.8
92","15.1
68","16.1
214","26.0
322","30.5
180","36.2
143","36.3
218","50.6
227","52.1
198","36.9
30","31.0
34","43.1
108","40.8
233","68.0
146","-0.7
60"
73,Providence,BE,33,15-18,"120.9
33","109.2
182",".7642
73","55.0
38","51.4
177","16.7
174","13.1
353","31.7
135","30.8
193","36.7
136","32.7
120","55.3
51","50.4
115","36.4
42","35.3
263","40.5
156","38.5
151","71.4
18","-4.7
99"
74,Wake Forest,ACC,35,18-17,"117.9
56","106.5
123",".7633
74","52.7
112","51.8
200","15.5
102","17.7
110","30.1
194","33.0
296","35.2
172","35.7
203","53.9
88","53.9
271","34.1
166","32.9
111","43.6
99","46.6
349","68.4
127","-3.0
82"
75,"Northern Iowa
   12 seed, ❌",MVC,36,23-13,"109.8
154","99.3
26",".7615
75","53.8
72","47.5
30","14.4
37","18.0
96","21.8
357","26.5
24","25.6
361","29.6
51","54.9
59","50.2
105","34.7
134","29.1
3","39.1
189","41.8
264","62.2
365","-5.0
104"
RK,TEAM,CONF,G,REC,ADJOE,ADJDE,BARTHAG,EFG%,EFGD%,TOR,TORD,ORB,DRB,FTR,FTRD,2P%,2P%D,3P%,3P%D,3PR,3PRD,ADJ T.,WAB
76,Marquette,BE,32,12-20,"111.9
121","101.2
41",".7594
76","50.5
212","50.6
131","16.0
136","19.3
38","29.7
215","34.7
330","32.8
238","32.0
102","52.7
138","51.5
161","31.7
289","32.7
99","42.2
131","39.5
182","69.3
82","-7.0
139"
77,Georgetown,BE,34,16-18,"114.2
89","103.5
72",".7576
77","49.6
257","49.9
93","15.8
119","16.2
205","32.5
104","31.5
226","37.3
121","33.9
146","50.7
222","50.0
97","31.8
285","33.3
138","35.2
267","41.2
245","66.3
244","-4.5
96"
78,Colorado,B12,32,17-15,"118.1
53","107.2
137",".7530
78","53.2
92","52.9
260","14.5
41","15.4
255","29.0
235","29.8
148","35.8
160","36.3
218","53.3
114","51.6
171","35.3
95","36.8
338","35.1
273","35.8
67","68.6
110","-2.6
77"
79,Nevada,MWC,37,24-13,"114.2
91","103.7
76",".7518
79","50.0
232","51.1
163","14.8
54","17.0
149","32.2
116","26.9
34","44.8
6","38.9
281","48.2
302","51.5
161","35.8
66","33.7
165","32.3
325","42.3
276","66.0
261","-1.6
67"
80,Wichita St.,Amer,36,24-12,"111.6
122","101.4
44",".7514
80","49.4
272","47.2
23","14.9
58","15.7
233","38.0
8","28.8
94","36.0
150","34.3
158","49.0
283","47.2
31","33.5
196","31.5
44","33.8
300","34.3
33","66.8
217","-3.5
85"
81,Belmont,MVC,32,26-6,"120.1
39","109.1
179",".7513
81","61.0
1","49.9
93","18.1
273","17.4
123","28.8
237","29.2
119","32.5
248","30.7
78","60.6
5","48.5
49","41.0
1","34.2
193","45.7
51","49.1
360","69.0
94","-0.41
55"
82,George Washington,A10,35,19-16,"117.4
64","107.0
134",".7425
82","54.4
54","52.4
233","18.2
281","17.7
110","35.8
28","28.7
91","34.9
182","34.9
175","55.9
43","53.5
253","35.1
105","33.9
173","47.0
33","43.0
294","69.2
85","-7.3
148"
83,Syracuse,ACC,32,15-17,"114.9
82","105.1
96",".7364
83","52.6
119","50.3
115","16.0
136","17.4
123","29.2
227","33.6
308","35.1
173","32.6
116","54.5
72","49.8
91","32.9
236","34.1
187","37.2
226","35.9
73","67.4
180","-4.5
97"
84,Creighton,BE,32,15-17,"115.0
79","105.2
98",".7358
84","53.1
96","51.1
163","16.5
160","14.0
334","27.5
280","29.7
143","27.5
347","24.6
4","54.3
78","50.2
105","34.5
145","35.4
268","48.2
23","32.0
12","67.4
182","-3.7
86"
85,Oklahoma St.,B12,35,20-15,"118.4
50","108.5
164",".7321
85","52.0
143","53.1
272","15.8
119","15.6
242","30.8
170","30.4
178","39.4
69","31.5
97","52.6
143","52.4
216","33.9
176","36.0
298","35.5
257","43.0
294","72.4
9","-0.6
57"
86,"High Point
   12 seed, ❌",BSth,36,31-5,"116.6
71","107.0
132",".7295
86","54.5
51","50.5
125","12.8
3","21.3
6","31.8
131","31.1
205","40.8
51","35.5
194","57.0
30","51.5
161","34.2
158","32.6
90","43.6
99","40.6
223","70.0
46","-1.2
66"
87,"Miami OH
   11 seed, ❌",MAC,34,32-2,"116.9
66","107.7
146",".7203
87","58.6
7","51.2
165","14.3
29","17.4
123","25.5
331","28.7
91","39.6
62","30.2
61","61.0
3","52.0
192","37.1
25","33.1
125","45.6
55","36.5
89","69.7
62","+2.6
34"
88,Stephen F. Austin,Slnd,34,28-6,"112.7
109","104.0
79",".7147
88","51.7
160","47.7
35","14.3
29","17.6
117","33.8
73","29.5
131","30.1
307","31.1
86","50.4
242","49.0
63","35.8
66","30.3
12","39.8
172","35.5
60","65.8
268","-0.6
58"
89,"Hofstra
   13 seed, ❌",CAA,35,24-11,"113.4
98","104.8
91",".7119
89","51.4
174","46.3
14","16.1
145","14.9
292","34.7
55","31.0
198","31.6
264","35.1
179","48.1
305","44.7
5","37.1
25","32.3
75","42.8
118","41.1
242","64.7
318","-4.4
95"
90,Colorado St.,MWC,34,21-13,"118.1
54","109.2
183",".7103
90","57.5
11","52.9
260","18.5
295","15.5
248","30.0
197","29.3
122","39.4
69","34.2
156","57.1
29","54.1
279","38.6
12","34.2
193","49.1
19","43.0
294","63.1
358","-2.6
75"
91,Oregon,B10,32,12-20,"112.0
119","103.6
73",".7085
91","49.5
265","50.9
148","17.6
241","15.7
233","32.3
113","32.3
270","35.0
177","32.0
102","50.5
233","51.5
161","32.1
274","33.4
143","42.8
118","42.1
271","66.0
260","-6.0
127"
92,Yale,Ivy,31,24-7,"118.5
49","110.0
196",".7027
92","55.6
26","51.7
193","14.0
22","16.3
199","34.2
62","29.7
143","35.1
173","26.8
19","53.6
98","50.9
133","39.4
3","35.0
243","36.1
247","45.0
335","64.8
316","-1.2
65"
93,Illinois St.,MVC,35,23-12,"109.8
155","102.0
53",".6993
93","53.6
79","49.1
73","16.6
169","16.1
214","27.8
272","25.3
11","32.1
256","32.7
120","54.7
64","49.6
81","34.8
128","32.2
71","43.2
106","34.8
44","66.7
222","-5.6
115"
94,Utah Valley,WAC,34,25-9,"112.2
113","104.3
82",".6984
94","54.9
41","49.4
79","20.1
349","21.3
6","34.8
52","31.4
220","38.2
97","39.2
291","56.9
32","47.7
39","34.0
169","35.2
255","32.9
316","33.3
23","68.6
114","-2.7
79"
95,Saint Joseph's,A10,36,24-12,"108.7
172","101.2
40",".6950
95","49.2
281","47.7
35","16.8
181","15.0
286","31.4
144","30.6
183","29.7
316","26.9
20","51.7
178","47.7
39","30.8
325","31.7
51","45.1
64","40.3
212","68.1
137","-3.7
89"
96,Xavier,BE,33,15-18,"117.5
62","109.5
188",".6930
96","51.8
152","54.1
302","13.9
19","15.5
248","26.5
310","29.5
131","28.1
340","32.6
116","49.8
260","55.3
313","36.5
39","34.8
234","40.6
153","36.9
101","70.4
34","-4.6
98"
97,Wyoming,MWC,33,18-15,"114.8
84","107.0
133",".6904
97","51.8
152","52.0
209","16.3
154","16.8
164","34.1
63","28.0
65","35.4
168","47.9
360","53.6
98","53.5
253","33.0
227","32.8
107","43.0
116","35.9
73","66.4
239","-5.1
107"
98,South Carolina,SEC,32,13-19,"111.9
120","104.8
90",".6816
98","50.3
226","51.6
189","14.5
41","14.6
314","27.2
288","32.1
260","36.7
136","34.0
151","53.2
118","53.7
262","31.1
316","31.8
54","44.4
80","35.8
67","66.4
240","-5.9
124"
99,DePaul,BE,32,16-16,"107.0
207","100.1
32",".6814
99","49.8
243","49.3
76","17.8
255","18.6
66","30.0
197","31.1
205","35.3
170","37.8
255","50.5
233","47.3
34","32.5
253","35.4
268","39.0
191","33.9
30","66.5
233","-4.8
100"
100,Mississippi St.,SEC,32,13-19,"113.1
106","105.9
109",".6800
100","51.5
170","50.9
148","16.1
145","12.8
358","29.8
206","30.7
189","30.7
286","32.3
112","53.4
109","51.0
136","32.4
258","33.9
173","40.1
168","39.5
182","69.6
68","-5.3
110"
RK,TEAM,CONF,G,REC,ADJOE,ADJDE,BARTHAG,EFG%,EFGD%,TOR,TORD,ORB,DRB,FTR,FTRD,2P%,2P%D,3P%,3P%D,3PR,3PRD,ADJ T.,WAB
101,Kansas St.,B12,32,12-20,"113.0
107","105.9
111",".6773
101","53.3
87","52.5
238","17.4
227","17.1
137","29.2
227","33.9
317","26.9
352","35.2
183","52.4
151","53.7
262","36.4
42","33.7
165","40.9
146","38.6
152","72.7
6","-6.5
133"
102,Notre Dame,ACC,31,13-18,"115.0
81","107.8
149",".6763
102","52.3
131","51.8
200","17.0
201","14.0
334","31.2
155","26.7
29","34.1
203","36.2
213","51.4
196","53.6
260","35.6
79","33.2
134","43.5
101","47.4
355","66.1
253","-5.7
118"
103,Davidson,A10,34,20-14,"110.4
142","103.7
75",".6725
103","52.6
119","50.6
131","15.8
119","17.5
119","28.1
259","30.0
156","31.0
281","37.1
239","52.2
160","51.6
171","35.4
92","32.6
90","44.5
78","36.7
94","63.7
343","-5.5
114"
104,"Cal Baptist
   13 seed, ❌",WAC,34,25-9,"106.9
209","100.6
37",".6693
104","48.3
306","46.3
14","17.9
264","17.0
149","37.5
11","27.2
42","35.9
153","36.6
228","47.4
325","47.3
34","33.4
200","29.5
5","32.0
329","31.6
8","66.0
256","-2.3
74"
105,Pittsburgh,ACC,33,13-20,"112.7
110","106.0
112",".6692
105","51.0
192","53.4
279","17.3
223","16.2
205","33.9
68","28.1
70","30.4
299","30.9
82","51.7
178","53.7
262","33.4
200","35.2
255","42.6
123","41.0
240","63.7
344","-7.3
146"
106,UNLV,MWC,35,18-17,"115.4
74","108.6
167",".6672
106","53.6
79","52.3
229","17.1
207","17.4
123","30.2
190","32.0
252","40.7
52","44.9
349","54.0
84","52.1
198","35.2
102","35.2
255","36.4
241","36.6
91","69.8
57","-5.7
117"
107,Seattle,WCC,35,21-14,"102.7
288","96.9
17",".6624
107","49.8
243","48.4
46","16.8
181","21.1
9","23.7
346","31.8
243","34.2
201","33.0
130","49.3
276","48.6
52","33.7
186","32.1
65","39.4
184","37.7
119","67.9
150","-5.5
112"
108,Maryland,B10,33,12-21,"112.0
118","105.9
107",".6566
108","48.1
311","54.4
310","18.6
302","14.9
292","33.8
73","29.1
109","36.4
140","35.8
206","48.6
293","54.4
287","31.7
289","36.3
315","46.9
35","43.1
299","66.4
238","-5.1
105"
109,Sam Houston St.,CUSA,34,22-12,"114.5
87","108.4
162",".6541
109","52.5
126","51.4
177","16.8
181","16.1
214","35.9
27","30.1
165","34.4
197","36.7
230","50.6
227","53.3
246","37.2
24","32.5
89","35.8
253","41.8
264","70.1
39","-5.1
108"
110,Pacific,WCC,33,18-15,"110.2
145","104.6
85",".6453
110","52.2
134","50.0
97","20.1
349","15.1
272","35.3
40","25.0
9","30.5
295","36.3
218","51.3
200","48.5
49","35.8
66","34.7
228","35.3
266","42.8
289","64.4
326","-6.9
137"
111,Illinois Chicago,MVC,35,19-16,"110.1
147","104.7
89",".6417
111","49.8
243","50.5
125","17.6
241","19.7
31","36.3
22","32.0
252","36.2
143","33.9
146","51.0
211","50.8
126","31.6
300","33.4
143","32.8
318","46.4
346","66.4
235","-8.3
167"
112,St. Thomas,Sum,34,24-10,"112.9
108","107.5
145",".6367
112","58.9
5","50.7
137","14.3
29","17.0
149","22.6
353","26.6
25","33.8
216","30.7
78","63.0
1","52.8
227","36.0
59","31.7
51","46.3
41","41.1
242","68.4
125","-5.0
102"
113,Rutgers,B10,33,14-19,"111.1
129","105.9
110",".6334
113","47.5
326","53.0
267","15.1
68","17.1
137","29.8
206","33.1
300","36.1
147","31.4
89","46.6
336","52.5
221","32.8
240","35.8
293","34.6
284","39.0
162","66.7
219","-5.0
103"
114,UC Irvine,BW,35,23-12,"103.9
271","99.2
25",".6303
114","49.5
265","45.9
9","17.8
255","18.8
56","31.0
162","31.2
211","35.9
153","26.7
18","49.1
277","43.1
1","33.6
190","33.7
165","28.0
359","38.0
129","68.3
133","-5.9
123"
115,Utah,B12,32,10-22,"114.9
83","109.7
192",".6292
115","52.0
143","53.9
295","16.7
174","13.3
348","29.3
224","31.6
231","31.7
262","29.9
57","51.5
189","54.6
301","35.3
95","35.1
249","37.5
221","33.8
29","66.3
242","-8.7
176"
116,UT Rio Grande Valley,Slnd,33,19-14,"111.5
123","106.6
124",".6273
116","54.8
45","47.8
38","18.5
295","16.3
199","28.2
256","32.1
260","28.9
332","38.9
281","54.5
72","49.2
69","36.8
31","30.4
17","43.7
97","38.2
139","66.4
234","-7.9
156"
117,Liberty,CUSA,34,26-8,"117.9
55","112.8
259",".6248
117","59.1
4","52.7
248","13.4
11","17.1
137","19.3
365","33.1
300","31.4
269","27.0
22","60.2
8","50.4
115","38.6
12","37.7
353","47.7
27","36.6
91","64.0
340","-2.0
72"
118,George Mason,A10,33,23-10,"111.0
133","106.4
121",".6184
118","52.7
112","49.5
82","15.8
119","15.4
255","31.3
148","28.3
80","41.1
44","28.9
42","54.3
78","50.0
97","33.3
207","32.6
90","35.2
267","42.4
279","63.7
346","-2.7
78"
119,"North Dakota St.
   14 seed, ❌",Sum,35,27-8,"111.0
131","106.5
122",".6183
119","53.2
92","52.0
209","15.6
108","18.7
60","32.9
91","25.5
14","30.6
289","29.2
46","53.3
114","53.0
239","35.4
92","33.9
173","42.8
118","44.1
322","66.6
226","-3.3
83"
120,"Hawaii
   13 seed, ❌",BW,33,24-9,"106.7
211","102.5
64",".6137
120","52.0
143","46.8
18","18.8
312","16.8
164","31.3
148","25.3
11","41.4
38","35.6
201","54.9
59","47.5
38","31.7
289","30.3
12","39.8
172","32.3
13","69.7
63","-3.8
90"
121,Duquesne,A10,33,18-15,"111.1
130","106.8
127",".6117
121","52.3
131","52.5
238","17.6
241","18.3
83","30.4
182","29.6
137","38.3
94","39.9
300","54.5
72","51.3
154","33.1
222","36.2
309","44.4
80","40.3
212","68.9
102","-7.2
143"
122,"Wright St.
   14 seed, ❌",Horz,35,23-12,"113.2
103","109.1
177",".6052
122","54.3
57","52.4
233","16.1
145","16.7
172","32.8
93","29.4
126","37.4
115","33.3
135","54.2
80","52.9
232","36.4
42","34.3
198","34.2
290","34.5
40","67.0
207","-6.3
130"
123,Florida Atlantic,Amer,33,18-15,"109.9
152","105.9
108",".6047
123","52.2
134","49.5
82","17.6
241","15.5
248","31.6
139","28.3
80","33.3
229","36.2
213","53.6
98","48.8
58","33.3
207","33.8
170","38.2
207","35.2
50","69.8
55","-8.0
157"
124,UC San Diego,BW,34,23-11,"106.4
223","102.6
66",".6021
124","52.6
119","48.4
46","16.5
160","16.8
164","26.1
320","27.0
37","31.2
276","29.3
48","55.0
54","49.3
70","32.8
240","31.5
44","42.3
130","43.9
318","67.2
190","-5.9
122"
125,UNC Wilmington,CAA,34,27-7,"110.5
140","106.9
129",".5937
125","50.4
217","47.5
30","14.8
54","14.9
292","35.3
40","27.6
51","40.4
55","31.7
100","49.1
277","49.7
88","35.0
110","29.7
6","38.8
193","42.6
283","64.9
307","-2.6
76"
RK,TEAM,CONF,G,REC,ADJOE,ADJDE,BARTHAG,EFG%,EFGD%,TOR,TORD,ORB,DRB,FTR,FTRD,2P%,2P%D,3P%,3P%D,3PR,3PRD,ADJ T.,WAB
126,Southern Illinois,MVC,32,16-16,"102.8
287","99.6
28",".5879
126","49.2
281","49.0
67","17.0
201","18.5
70","30.9
168","27.3
45","31.3
274","31.4
89","52.2
160","51.5
161","27.8
363","30.4
17","29.2
355","41.5
255","69.0
93","-9.3
193"
127,Toledo,MAC,34,19-15,"114.8
85","111.3
225",".5872
127","54.5
51","54.3
307","14.7
49","17.9
101","29.5
220","33.7
313","30.5
295","26.6
16","54.0
84","56.1
328","37.0
29","34.4
208","32.5
323","40.0
204","67.9
151","-8.8
179"
128,San Francisco,WCC,33,17-16,"113.2
105","109.8
194",".5861
128","51.2
183","50.8
144","15.8
119","14.1
330","31.3
148","29.0
102","40.1
58","29.6
51","50.7
222","50.6
120","34.6
141","34.1
187","46.1
45","35.8
67","66.0
262","-7.1
141"
129,Fresno St.,MWC,32,13-19,"107.3
200","104.2
81",".5856
129","50.6
205","51.5
184","18.1
273","18.2
88","27.9
269","30.6
183","33.8
216","28.6
37","52.3
153","55.7
320","32.1
274","30.7
26","40.9
146","44.0
319","68.3
128","-10.0
209"
130,Memphis,Amer,32,13-19,"108.3
182","105.1
97",".5840
130","48.7
296","48.7
51","18.9
315","18.5
70","35.3
40","35.6
348","34.7
190","42.4
329","49.4
271","51.0
136","31.6
300","30.5
19","33.7
302","43.2
302","70.0
48","-9.3
196"
131,Montana St.,BSky,32,18-14,"110.9
136","107.9
150",".5778
131","53.6
79","51.7
193","14.7
49","15.7
233","27.0
294","28.2
71","30.2
303","29.6
51","53.1
126","51.8
182","36.1
52","34.3
198","44.7
75","34.3
33","65.9
264","-8.2
163"
132,Washington St.,WCC,32,12-20,"113.9
93","110.9
218",".5763
132","54.7
48","52.6
243","18.4
290","14.6
314","29.5
220","28.2
71","30.2
303","33.0
130","54.6
69","52.4
216","36.5
39","35.4
268","44.8
72","36.7
94","67.9
148","-11.4
233"
133,UAB,Amer,32,20-12,"108.9
168","106.1
114",".5750
133","48.4
305","50.0
97","12.5
2","16.1
214","32.5
104","27.7
54","36.4
140","28.7
38","51.3
200","50.7
124","27.8
363","32.6
90","30.5
349","39.2
173","69.3
78","-5.9
121"
134,UC Santa Barbara,BW,32,18-14,"113.3
100","110.5
212",".5715
134","54.7
48","52.6
243","18.7
308","16.8
164","31.0
162","25.5
14","36.8
134","42.4
329","53.6
98","53.5
253","37.4
22","33.9
173","44.1
88","35.7
64","64.4
328","-9.2
188"
135,Murray St.,MVC,33,20-13,"115.0
78","112.4
247",".5663
135","53.8
72","52.4
233","16.3
154","15.8
228","32.6
100","31.3
214","38.6
86","32.2
109","55.0
54","51.7
175","35.0
110","36.2
309","44.8
72","27.4
2","71.9
12","-5.2
109"
136,North Texas,Amer,33,19-14,"103.5
280","101.4
45",".5577
136","46.0
349","48.4
46","16.7
174","21.3
6","33.5
77","32.4
274","39.6
62","45.1
350","47.4
325","49.8
91","28.7
358","30.9
31","32.3
325","38.6
152","65.0
304","-7.1
140"
137,Bradley,MVC,34,21-13,"111.1
127","109.0
176",".5562
137","51.1
188","52.8
258","13.9
19","19.0
48","27.4
285","27.8
60","35.9
153","38.2
264","49.1
277","51.4
156","36.1
52","36.6
329","40.5
156","39.9
199","67.3
186","-5.8
120"
138,"Kennesaw St.
   14 seed, ❌",CUSA,35,21-14,"111.0
134","109.0
175",".5520
138","50.4
217","48.3
42","16.7
174","16.0
222","35.2
45","31.6
231","45.1
5","47.1
358","50.5
233","47.1
28","33.4
200","33.5
152","42.5
126","37.9
123","71.2
20","-7.7
154"
139,Northern Colorado,BSky,32,20-12,"112.2
114","110.3
204",".5497
139","55.7
24","50.1
103","15.4
93","12.4
363","27.2
288","24.2
5","27.5
347","38.8
279","58.1
20","52.3
212","35.0
110","30.7
26","41.5
141","35.0
46","68.5
120","-7.1
142"
140,Penn St.,B10,32,12-20,"113.8
94","111.8
234",".5496
140","53.0
104","58.4
363","15.6
108","17.7
110","25.9
325","31.1
205","33.8
216","27.5
27","55.8
44","58.6
357","32.4
258","38.8
363","38.1
209","43.4
311","67.6
172","-6.9
136"
141,Boston College,ACC,31,11-20,"103.6
276","102.0
52",".5460
141","47.0
336","48.9
61","15.4
93","14.9
292","28.3
251","28.6
88","32.4
249","34.6
167","49.1
277","49.6
81","29.4
347","31.9
57","42.4
128","39.0
162","66.0
259","-10.0
211"
142,Temple,Amer,32,16-16,"112.1
115","110.4
208",".5456
142","50.2
227","50.7
137","13.7
17","15.5
248","29.8
206","30.3
173","40.6
53","35.5
194","50.0
251","51.5
161","33.6
190","32.8
107","35.7
254","35.9
73","64.9
308","-10.0
210"
143,Central Arkansas,ASun,34,22-12,"109.7
156","108.1
155",".5434
143","54.0
69","54.9
326","15.4
93","19.0
48","28.8
237","27.4
48","31.2
276","30.1
60","54.7
64","57.3
347","35.5
88","35.2
255","48.7
21","52.3
364","68.0
147","-6.5
132"
144,"Idaho
   15 seed, ❌",BSky,36,21-15,"108.0
192","106.3
120",".5432
144","51.4
174","50.5
125","15.0
62","15.1
272","28.4
248","24.2
5","34.6
193","38.5
271","51.6
184","49.3
70","34.1
166","35.2
255","47.0
33","35.4
57","67.5
176","-8.9
181"
145,Robert Morris,Horz,33,22-11,"110.3
144","108.7
168",".5415
145","54.9
41","50.0
97","18.6
302","15.9
225","37.5
11","28.8
94","28.0
342","40.1
303","53.5
107","50.2
105","38.0
18","33.2
134","40.7
152","36.0
80","64.6
324","-6.4
131"
146,"Penn
   14 seed, ❌",Ivy,30,18-12,"107.6
195","106.2
116",".5392
146","50.4
217","52.1
218","15.3
83","17.3
130","30.0
197","31.3
214","33.9
212","27.5
27","46.5
340","54.5
295","38.3
14","32.2
71","35.4
262","39.7
191","69.0
91","-5.8
119"
147,Arkansas St.,SB,32,20-12,"110.1
149","108.7
169",".5347
147","51.7
160","50.3
115","19.8
343","14.9
292","38.2
6","27.0
37","39.1
77","37.0
236","53.6
98","50.8
126","32.9
236","32.9
111","44.9
69","38.8
157","72.2
10","-7.2
145"
148,St. Bonaventure,A10,34,17-17,"113.4
97","112.2
242",".5302
148","52.4
129","53.3
277","16.8
181","17.1
137","34.5
60","29.8
148","30.0
310","33.9
146","50.8
217","52.8
227","37.4
22","36.0
298","31.3
335","40.7
228","67.2
194","-9.7
204"
149,Navy,Pat,34,26-8,"107.1
203","106.0
113",".5288
149","53.1
96","48.3
42","16.8
181","18.3
83","31.9
126","27.4
48","38.8
82","26.0
13","52.7
138","51.0
136","35.8
66","30.0
7","33.1
314","46.0
343","65.2
298","-4.1
93"
150,Rhode Island,A10,32,16-16,"104.3
262","103.3
70",".5282
150","50.1
230","50.4
120","19.2
328","21.1
9","31.0
162","31.8
243","38.4
91","42.6
331","52.8
134","49.3
70","31.1
316","34.7
228","43.5
101","41.5
255","65.9
267","-9.1
187"
RK,TEAM,CONF,G,REC,ADJOE,ADJDE,BARTHAG,EFG%,EFGD%,TOR,TORD,ORB,DRB,FTR,FTRD,2P%,2P%D,3P%,3P%D,3PR,3PRD,ADJ T.,WAB
151,"Troy
   13 seed, ❌",SB,34,22-12,"110.2
146","109.1
180",".5268
151","51.5
170","50.2
108","17.3
223","16.7
172","34.6
56","31.7
237","36.2
143","31.4
89","53.2
118","52.0
192","33.0
227","31.6
48","45.9
47","39.1
172","65.0
306","-6.0
125"
152,Bowling Green,MAC,32,18-14,"106.1
229","105.2
99",".5242
152","51.8
152","51.0
155","16.5
160","18.4
78","28.7
242","26.9
34","37.0
129","37.2
243","51.9
169","51.6
171","34.4
151","33.5
152","34.2
290","41.2
245","68.3
130","-9.5
200"
153,Middle Tennessee,CUSA,32,17-15,"110.1
148","109.1
181",".5239
153","51.6
167","51.0
155","17.1
207","15.0
286","30.7
173","28.5
85","32.7
243","35.7
203","52.3
153","51.0
136","33.8
183","33.9
173","45.3
60","35.3
55","65.6
279","-8.5
174"
154,Cornell,Ivy,28,15-13,"120.0
40","119.0
343",".5235
154","58.5
8","55.9
343","16.0
136","15.1
272","30.2
190","30.6
183","30.2
303","37.2
243","59.7
9","55.7
320","38.3
14","37.5
349","51.6
8","38.3
143","71.4
16","-8.1
160"
155,Loyola Marymount,WCC,32,15-17,"106.5
218","105.8
106",".5180
155","51.8
152","48.9
61","17.5
234","16.6
177","26.7
305","32.0
252","31.1
279","32.5
113","51.6
184","47.2
31","34.8
128","34.6
222","40.4
163","36.2
84","67.2
189","-10.2
214"
156,William & Mary,CAA,32,20-12,"110.6
139","110.0
197",".5152
156","54.3
57","51.9
205","16.5
160","19.0
48","26.0
322","31.5
226","44.0
9","35.5
194","57.9
24","53.7
262","33.0
227","33.1
125","42.8
118","45.5
338","72.7
7","-6.9
138"
157,Austin Peay,ASun,31,22-9,"108.9
169","108.3
161",".5139
157","53.0
104","52.2
223","15.4
93","17.9
101","29.7
215","28.9
101","37.6
111","32.8
126","53.0
127","53.9
271","35.3
95","33.2
134","38.0
215","40.8
233","69.2
83","-5.1
106"
158,Eastern Washington,BSky,33,14-19,"113.2
102","112.7
256",".5123
158","53.7
77","54.9
326","17.7
249","16.2
205","31.3
148","30.8
193","36.1
147","37.3
246","53.6
98","56.3
333","35.9
63","35.2
255","34.7
281","39.0
162","67.8
159","-12.1
246"
159,Harvard,Ivy,29,17-12,"105.4
241","105.1
95",".5080
159","53.2
92","50.4
120","17.4
227","17.1
137","26.8
303","28.2
71","25.7
359","26.6
16","54.0
84","51.4
156","34.7
134","32.6
90","40.2
166","38.7
154","63.2
357","-7.3
147"
160,Western Kentucky,CUSA,32,18-14,"108.7
174","108.4
163",".5074
160","47.5
326","51.2
165","14.5
41","17.2
133","31.8
131","29.5
131","41.2
41","46.8
357","45.8
348","51.0
136","33.4
200","34.3
198","39.4
184","42.3
276","69.9
50","-8.3
165"
161,Richmond,A10,32,15-17,"110.7
138","110.5
211",".5069
161","52.7
112","52.0
209","14.3
29","17.7
110","25.0
340","31.0
198","36.9
131","35.1
179","50.5
233","54.5
295","37.1
25","32.7
99","42.6
123","45.6
340","67.6
170","-10.6
222"
162,"Siena
   16 seed, ❌",MAAC,35,23-12,"108.3
181","108.1
156",".5048
162","50.4
217","48.5
49","15.8
119","17.0
149","31.8
131","29.5
131","33.4
225","27.5
27","52.5
147","48.5
49","30.6
328","32.3
75","32.2
327","39.4
178","64.6
323","-7.5
150"
163,Valparaiso,MVC,33,18-15,"107.6
197","107.5
144",".5027
163","47.6
321","50.5
125","15.7
115","16.9
160","32.5
104","30.1
165","39.1
77","35.1
179","45.8
348","51.9
186","33.9
176","32.1
65","36.8
233","37.0
103","65.2
299","-8.1
159"
164,Merrimack,MAAC,34,23-11,"106.4
221","106.3
119",".5021
164","49.1
287","46.7
17","14.8
54","20.4
17","24.8
343","39.9
365","38.2
97","37.1
239","49.1
277","47.3
34","32.7
243","30.3
12","46.1
45","32.6
16","63.5
348","-6.0
126"
165,Oregon St.,WCC,33,17-16,"109.3
162","109.4
186",".4971
165","50.5
212","50.3
115","17.7
249","15.3
262","26.8
303","32.1
260","43.1
20","35.1
179","48.8
287","51.0
136","35.0
110","32.9
111","44.3
82","41.5
255","65.3
295","-7.6
151"
166,Monmouth,CAA,34,19-15,"106.8
210","107.0
131",".4944
166","49.6
257","50.1
103","16.6
169","19.9
25","31.2
155","32.8
288","32.7
243","32.2
109","48.7
290","49.6
81","34.2
158","33.9
173","34.4
288","38.3
143","66.9
208","-9.8
206"
167,Georgia Tech,ACC,31,11-20,"106.6
213","106.9
128",".4942
167","50.0
232","49.9
93","18.6
302","15.6
242","29.9
203","30.7
189","33.3
229","34.2
156","48.7
290","50.1
102","35.1
105","33.1
125","33.2
313","44.4
328","70.9
23","-9.8
205"
168,Kent St.,MAC,34,24-10,"110.0
150","110.3
206",".4925
168","51.4
174","52.1
218","18.0
269","16.1
214","35.3
40","29.3
122","43.5
14","39.5
294","50.6
227","51.8
182","35.0
110","35.0
243","44.9
69","43.1
299","70.6
29","-3.7
88"
169,Portland St.,BSky,31,20-11,"102.9
286","103.2
68",".4910
169","50.6
205","48.8
57","16.9
191","18.0
96","30.0
197","26.4
23","37.1
125","42.8
337","51.5
189","49.0
63","32.6
248","32.3
75","34.4
288","39.7
191","67.8
160","-6.3
129"
170,Winthrop,BSth,34,23-11,"110.8
137","111.1
222",".4909
170","49.7
250","51.4
177","14.7
49","16.7
172","34.1
63","27.7
54","44.0
9","39.0
283","49.7
265","53.0
239","33.2
215","32.9
111","44.1
88","42.8
289","70.0
49","-5.4
111"
171,UC Davis,BW,33,19-14,"106.7
212","107.1
136",".4902
171","51.8
152","51.7
193","17.9
264","19.8
28","25.2
334","30.5
180","40.5
54","39.1
286","51.9
169","52.4
216","34.4
151","33.8
170","43.5
101","38.1
135","68.9
100","-8.4
172"
172,Charlotte,Amer,34,17-17,"113.2
104","113.6
270",".4896
172","53.4
85","50.9
148","18.1
273","13.6
344","33.9
68","32.5
279","36.4
140","36.2
213","53.8
90","51.4
156","35.2
102","33.5
152","45.4
58","40.7
228","63.4
351","-9.8
207"
173,FIU,CUSA,32,15-17,"108.0
190","108.6
166",".4845
173","50.6
205","52.9
260","17.7
249","20.1
20","33.9
68","34.8
333","38.6
86","35.9
209","49.9
256","51.7
175","34.7
134","36.2
309","32.7
321","45.1
336","71.7
14","-11.2
230"
174,Towson,CAA,34,19-15,"104.5
260","105.0
94",".4840
174","46.5
345","48.5
49","15.9
127","15.1
272","36.0
25","29.1
109","30.4
299","29.3
48","47.8
314","50.0
97","29.4
347","30.9
31","34.9
275","41.4
251","63.4
349","-8.8
177"
175,Montana,BSky,34,18-16,"107.1
204","107.7
147",".4825
175","55.8
23","50.5
125","19.6
339","14.3
325","20.7
363","29.6
137","36.8
134","32.6
116","56.5
37","51.9
186","36.6
36","32.3
75","41.8
137","38.0
129","69.5
71","-10.1
212"
RK,TEAM,CONF,G,REC,ADJOE,ADJDE,BARTHAG,EFG%,EFGD%,TOR,TORD,ORB,DRB,FTR,FTRD,2P%,2P%D,3P%,3P%D,3PR,3PRD,ADJ T.,WAB
176,Cal St. Northridge,BW,34,20-14,"108.8
170","109.4
187",".4823
176","51.3
180","51.6
189","17.5
234","16.4
189","31.9
126","26.6
25","34.2
201","34.3
158","52.6
143","51.7
175","32.4
258","34.4
208","33.6
307","48.6
359","73.5
3","-8.3
166"
177,Massachusetts,MAC,33,17-16,"109.9
151","110.6
215",".4819
177","53.1
96","52.9
260","17.8
255","16.8
164","33.3
81","26.1
20","37.0
129","44.6
348","53.2
118","55.4
316","35.2
102","33.0
120","35.4
262","42.7
287","70.2
36","-11.3
232"
178,Fordham,A10,32,17-15,"103.5
279","104.3
83",".4770
178","48.6
299","49.9
93","17.2
214","17.2
133","34.1
63","26.8
31","26.4
355","30.3
66","51.9
169","49.8
91","28.9
355","33.4
143","38.3
203","42.4
279","64.2
331","-9.2
189"
179,Northern Kentucky,Horz,34,20-14,"109.2
163","110.1
201",".4768
179","53.2
92","54.2
303","16.3
154","18.6
66","32.2
116","31.6
231","35.9
153","37.2
243","55.5
50","53.8
267","33.6
190","36.6
329","44.9
69","38.1
135","70.0
44","-9.3
195"
180,Green Bay,Horz,33,18-15,"113.3
99","114.3
289",".4740
180","54.9
41","53.6
285","16.0
136","13.2
350","25.1
338","29.6
137","41.6
35","37.4
248","55.0
54","52.9
232","36.4
42","36.3
315","37.3
224","43.3
307","63.0
360","-9.4
197"
181,Oakland,Horz,32,16-16,"114.1
92","115.2
299",".4736
181","52.7
112","54.7
320","14.7
49","15.1
272","31.3
148","34.4
324","38.1
100","24.6
4","53.0
127","57.0
342","34.7
134","34.3
198","34.0
293","41.7
260","70.0
45","-8.1
161"
182,"Howard
   16 seed, ❌",MEAC,35,24-11,"106.3
226","107.3
138",".4728
182","50.9
196","48.7
51","19.3
331","20.7
13","35.8
28","31.4
220","43.4
18","38.4
270","49.4
271","49.6
81","35.8
66","31.4
42","34.7
281","34.4
36","69.0
92","-6.8
134"
183,"Furman
   15 seed, ❌",SC,35,22-13,"108.2
186","109.2
184",".4724
183","54.8
45","50.2
108","17.8
255","13.7
342","30.5
178","28.2
71","32.7
243","28.9
42","58.8
14","51.5
161","33.4
200","32.3
75","46.5
38","41.8
264","65.9
265","-8.5
173"
184,Texas A&M Corpus Chris,Slnd,33,18-15,"104.3
264","105.5
102",".4677
184","49.5
265","50.1
103","19.4
334","19.0
48","31.7
135","28.8
94","41.1
44","46.3
353","48.1
305","51.5
161","35.0
110","31.6
48","31.4
334","34.9
45","66.0
263","-8.9
180"
185,Detroit Mercy,Horz,32,17-15,"109.1
167","110.5
213",".4642
185","49.5
265","52.2
223","16.0
136","14.4
324","33.3
81","30.8
193","32.6
247","37.6
252","48.1
305","53.8
267","35.1
105","33.3
138","30.7
343","42.6
283","68.8
103","-9.5
199"
186,Louisiana Tech,CUSA,34,20-14,"103.6
278","105.0
93",".4606
186","47.4
330","48.7
51","18.3
286","17.8
107","36.4
19","31.6
231","33.1
233","36.3
218","49.7
265","46.7
22","28.5
359","33.9
173","33.4
310","46.8
351","64.0
339","-9.1
186"
187,South Alabama,SB,33,21-12,"107.7
194","109.3
185",".4586
187","52.6
119","50.1
103","13.0
6","18.1
92","25.0
340","31.4
220","38.5
89","25.4
9","53.2
118","50.8
126","34.5
145","33.1
125","36.5
238","64.6
365","64.6
322","-7.3
149"
188,Youngstown St.,Horz,32,15-17,"106.5
216","108.1
154",".4582
188","53.7
77","52.3
229","18.8
312","17.8
107","30.4
182","30.7
189","31.4
269","36.0
211","56.6
36","51.7
175","33.8
183","35.5
275","49.4
17","34.3
33","67.3
187","-12.3
250"
189,"UMBC
   16 seed, ❌",AE,33,24-9,"108.4
178","110.1
203",".4557
189","54.1
64","49.4
79","14.0
22","15.1
272","24.9
342","25.8
18","34.1
203","25.7
10","54.1
82","49.6
81","36.1
52","32.7
99","38.8
193","37.7
119","66.1
252","-5.0
101"
190,New Mexico St.,CUSA,32,16-16,"108.3
180","110.1
202",".4523
190","48.5
302","48.7
51","15.0
62","14.7
307","32.5
104","30.3
173","34.9
182","44.2
346","48.5
297","48.8
58","32.4
258","32.4
84","38.7
197","41.3
250","66.6
225","-11.1
229"
191,Appalachian St.,SB,32,19-13,"105.6
238","107.3
139",".4523
191","49.9
239","47.5
30","15.3
83","14.0
334","32.0
122","29.0
102","39.1
77","31.2
87","53.6
98","47.0
27","30.4
335","32.2
71","45.9
47","41.4
251","63.0
359","-9.0
182"
192,UT Arlington,WAC,32,18-14,"101.1
310","102.9
67",".4506
192","47.2
332","47.4
28","20.7
354","18.0
96","34.9
49","30.1
165","42.5
24","40.9
311","48.8
287","50.9
133","29.1
352","26.9
1","30.7
343","32.3
13","64.8
311","-8.0
158"
193,East Tennessee St.,SC,34,23-11,"108.1
187","110.0
198",".4499
193","55.3
32","51.0
155","15.2
77","18.5
70","28.3
251","27.9
63","35.0
177","36.4
224","57.2
27","52.6
223","34.7
134","32.9
111","37.8
216","47.7
356","66.1
255","-7.2
144"
194,Charleston,CAA,32,21-11,"107.0
205","108.9
174",".4495
194","50.5
212","49.2
75","15.7
115","14.7
307","29.9
203","32.3
270","41.2
41","26.1
14","53.4
109","49.5
76","30.6
328","32.6
90","38.1
209","43.7
314","67.8
161","-6.0
128"
195,Campbell,CAA,34,16-18,"110.4
143","112.4
248",".4474
195","50.1
230","53.9
295","17.6
241","17.0
149","33.5
77","32.0
252","43.5
14","37.0
236","51.2
203","54.2
284","32.3
264","35.5
275","36.9
232","29.9
4","69.9
52","-10.8
226"
196,Utah Tech,WAC,34,19-15,"111.1
128","113.2
266",".4459
196","53.3
87","50.9
148","17.6
241","16.9
160","28.1
259","34.5
325","30.6
289","33.0
130","53.7
93","53.5
253","35.0
110","30.7
26","38.2
207","34.4
36","66.5
232","-8.2
164"
197,"Queens
   15 seed, ❌",ASun,35,21-14,"115.2
76","117.5
323",".4434
197","56.4
17","54.6
319","14.8
54","15.1
272","30.2
190","33.6
308","35.4
168","38.1
262","58.9
13","54.5
295","35.7
73","36.5
323","46.5
38","39.5
182","69.5
72","-6.8
135"
198,New Orleans,Slnd,33,15-18,"108.8
171","111.1
220",".4404
198","49.6
257","49.0
67","20.5
353","14.9
292","35.6
33","34.5
325","46.4
1","39.5
294","50.6
227","49.3
70","31.8
285","32.4
84","33.7
302","40.2
208","69.8
56","-10.3
217"
199,Missouri St.,CUSA,34,16-18,"109.5
159","111.8
232",".4391
199","51.1
188","52.0
209","16.7
174","16.9
160","32.0
122","32.1
260","43.8
13","40.2
304","52.2
160","52.3
212","33.0
227","34.4
208","41.3
143","35.8
67","65.3
291","-12.6
258"
200,Columbia,Ivy,28,16-12,"108.1
189","110.6
214",".4346
200","53.5
84","51.2
165","19.3
331","15.0
286","36.1
24","27.2
42","28.6
337","33.5
140","53.2
118","50.3
109","35.9
63","35.2
255","37.5
221","36.0
80","66.9
213","-7.6
152"
RK,TEAM,CONF,G,REC,ADJOE,ADJDE,BARTHAG,EFG%,EFGD%,TOR,TORD,ORB,DRB,FTR,FTRD,2P%,2P%D,3P%,3P%D,3PR,3PRD,ADJ T.,WAB
201,Tulane,Amer,33,18-15,"107.7
193","110.3
205",".4338
201","49.4
272","50.7
137","15.4
93","17.1
137","22.8
352","35.8
351","43.5
14","38.1
262","50.5
233","50.0
97","32.0
278","34.5
215","45.0
66","40.5
221","66.9
210","-8.8
178"
202,Drexel,CAA,33,17-16,"102.9
285","105.4
101",".4305
202","50.7
200","47.1
22","19.0
320","16.4
189","31.2
155","31.0
198","31.6
264","35.4
192","49.0
283","47.9
41","35.5
88","30.3
12","40.0
171","34.1
31","64.2
332","-11.6
239"
203,Marist,MAAC,31,19-12,"100.0
328","102.5
62",".4294
203","49.3
276","45.6
5","16.9
191","19.5
33","29.1
232","28.3
80","25.7
359","37.6
252","49.8
260","47.1
28","32.2
268","28.6
2","34.6
284","36.8
96","66.3
243","-9.0
184"
204,Jacksonville St.,CUSA,32,15-17,"105.5
240","108.2
157",".4278
204","49.7
250","49.6
85","17.0
201","16.2
205","29.8
206","28.0
65","43.1
20","38.7
277","47.4
325","49.3
70","35.7
73","33.3
138","38.1
209","42.9
292","65.1
301","-12.6
257"
205,Portland,WCC,34,15-19,"106.0
231","108.8
170",".4273
205","51.2
183","52.7
248","19.7
342","17.0
149","28.1
259","32.5
279","34.4
197","32.6
116","54.7
64","51.4
156","29.9
344","36.1
307","35.4
262","45.6
340","68.5
118","-10.6
221"
206,Cal St. Fullerton,BW,34,18-16,"107.5
199","110.3
207",".4256
206","51.4
174","54.3
307","15.2
77","19.5
33","24.6
345","28.3
80","37.8
106","35.3
186","51.4
196","57.1
343","34.2
158","34.0
182","43.1
108","46.4
346","72.9
5","-9.5
198"
207,Mercer,SC,32,19-13,"110.9
135","114.0
281",".4228
207","53.1
96","52.5
238","15.0
62","17.0
149","32.6
100","33.2
303","39.2
73","29.7
54","53.0
127","51.3
154","35.6
79","36.2
309","39.2
187","42.1
271","69.0
95","-8.3
168"
208,Indiana St.,MVC,32,11-21,"105.9
233","108.9
172",".4206
208","52.8
108","50.2
108","19.5
337","14.9
292","26.2
315","31.8
243","27.4
349","28.8
39","57.4
26","52.0
192","31.5
305","31.3
40","45.2
62","34.4
36","68.3
132","-14.5
290"
209,James Madison,SB,33,18-15,"109.4
161","112.5
252",".4184
209","53.1
96","49.0
67","17.3
223","12.8
358","30.6
176","29.5
131","35.9
153","40.8
309","53.2
118","48.9
61","35.4
92","32.7
99","42.5
126","38.2
139","66.0
258","-10.2
215"
210,Weber St.,BSky,32,16-16,"111.0
132","114.3
288",".4162
210","51.7
160","54.5
314","15.7
115","16.3
199","31.8
131","27.7
54","39.2
73","36.4
224","51.6
184","57.1
343","34.5
145","33.5
152","32.8
318","38.8
157","68.6
115","-10.7
223"
211,San Jose St.,MWC,33,9-24,"113.3
101","116.8
311",".4133
211","49.7
250","57.1
358","15.1
68","17.4
123","29.3
224","36.5
354","33.4
225","35.3
186","47.6
319","59.1
361","35.3
95","36.0
298","38.3
203","39.3
176","65.0
303","-13.6
280"
212,Rice,Amer,31,13-18,"109.1
166","112.6
253",".4119
212","48.5
302","51.0
155","17.9
264","15.7
233","35.3
40","34.6
329","33.9
212","40.4
306","46.2
345","51.0
136","34.3
153","34.0
182","44.1
88","35.5
60","65.6
277","-12.0
245"
213,La Salle,A10,32,9-23,"106.3
227","109.8
193",".4080
213","45.4
357","55.0
329","18.2
281","17.1
137","33.7
75","32.4
274","37.5
113","31.5
97","45.6
351","55.1
311","30.0
342","36.5
323","31.5
333","42.2
273","65.8
269","-14.4
288"
214,Quinnipiac,MAAC,32,19-13,"104.2
265","107.8
148",".4051
214","48.2
310","48.9
61","15.9
127","17.4
123","34.1
63","32.0
252","33.8
216","30.6
75","46.7
334","47.1
28","34.0
169","34.9
239","33.7
302","35.4
57","70.1
41","-8.4
170"
215,Marshall,SB,32,19-13,"112.1
116","116.0
305",".4033
215","54.8
45","50.3
115","16.6
169","16.3
199","31.9
126","33.8
315","29.2
327","41.1
313","54.6
69","50.3
109","36.8
31","33.6
161","44.3
82","39.6
188","69.4
75","-8.4
171"
216,Drake,MVC,34,14-20,"109.6
157","113.4
268",".4020
216","51.4
174","52.6
243","15.0
62","14.6
314","26.6
307","29.9
152","33.5
222","32.0
102","51.7
178","51.1
146","34.0
169","36.4
320","45.7
51","43.3
307","67.1
196","-13.4
273"
217,"Tennessee St.
   15 seed, ❌",OVC,33,23-10,"108.1
188","112.1
239",".3973
217","50.0
232","51.6
189","16.7
174","19.8
28","34.8
52","30.6
183","33.4
225","41.4
316","50.0
251","52.0
192","33.3
207","34.0
182","30.7
343","35.9
73","70.4
32","-5.5
113"
218,Western Carolina,SC,31,15-16,"109.6
158","113.7
275",".3951
218","50.4
217","54.9
326","16.8
181","14.5
318","35.4
37","26.3
21","31.3
274","37.8
255","50.6
227","54.8
305","33.5
196","36.7
335","40.9
146","43.7
314","67.9
152","-10.5
219"
219,Southern Miss,SB,35,19-16,"105.0
250","109.1
177",".3935
219","49.0
289","51.4
177","18.4
290","17.8
107","32.5
104","28.8
94","43.2
19","43.6
342","51.3
200","51.1
146","28.9
355","34.5
215","28.7
358","39.4
178","69.1
87","-10.8
224"
220,Cal Poly,BW,33,14-19,"109.4
160","113.7
273",".3917
220","51.5
170","53.8
291","19.9
346","16.2
205","30.0
197","29.6
137","34.9
182","34.1
155","53.7
93","55.0
309","33.0
227","34.7
228","52.6
5","40.8
233","74.1
1","-12.5
254"
221,Buffalo,MAC,32,17-15,"111.3
125","115.7
303",".3906
221","55.4
31","55.1
332","16.2
150","17.9
101","27.1
292","31.1
205","39.6
62","31.4
89","54.1
82","56.9
341","37.9
19","35.1
249","45.5
57","42.0
270","66.5
228","-10.2
216"
222,San Diego,WCC,33,12-21,"108.4
179","112.9
261",".3853
222","51.2
183","54.7
320","17.5
234","18.9
55","28.1
259","34.5
325","25.8
358","38.8
279","50.8
217","58.5
356","34.6
141","32.7
99","43.7
97","40.1
207","68.2
135","-13.5
274"
223,Bethune Cookman,SWAC,32,17-15,"104.3
262","108.9
173",".3790
223","51.0
192","49.7
87","19.2
328","15.8
228","30.1
194","31.7
237","40.9
49","38.6
274","51.6
184","49.9
95","33.0
227","32.9
111","29.7
353","33.1
20","69.1
90","-8.3
169"
224,South Dakota St.,Sum,32,14-18,"107.6
198","112.4
246",".3763
224","52.0
143","51.8
200","16.1
145","14.5
318","30.3
187","25.1
10","29.7
316","34.5
165","52.7
138","52.4
216","34.0
169","34.1
187","38.8
193","47.0
353","67.0
204","-12.7
260"
225,Ohio,MAC,32,15-17,"108.5
177","113.5
269",".3733
225","50.9
196","53.0
267","15.5
102","16.1
214","28.4
248","32.8
288","36.9
131","38.2
264","54.5
72","51.9
186","30.1
341","36.8
338","38.1
209","33.6
26","68.9
99","-11.4
235"
RK,TEAM,CONF,G,REC,ADJOE,ADJDE,BARTHAG,EFG%,EFGD%,TOR,TORD,ORB,DRB,FTR,FTRD,2P%,2P%D,3P%,3P%D,3PR,3PRD,ADJ T.,WAB
226,Tarleton St.,WAC,32,14-18,"103.4
283","108.3
160",".3702
226","48.3
306","53.6
285","20.0
348","23.4
2","31.5
141","35.1
340","41.9
32","47.7
359","48.2
302","54.4
287","32.5
253","34.9
239","24.2
365","40.7
228","69.5
69","-11.9
244"
227,Stony Brook,CAA,32,17-15,"105.3
245","110.4
209",".3673
227","50.2
227","50.7
137","16.8
181","17.1
137","28.0
267","32.4
274","28.4
339","35.4
192","48.5
297","48.8
58","34.8
128","35.7
290","45.8
50","39.8
198","66.2
247","-10.5
218"
228,Texas St.,SB,32,19-13,"104.7
254","109.9
195",".3633
228","50.0
232","52.0
209","18.6
302","18.5
70","33.9
68","28.4
84","34.0
207","39.1
286","50.5
233","51.1
146","32.2
268","35.7
290","24.6
364","37.5
112","66.2
248","-9.6
202"
229,Georgia Southern,SB,37,21-16,"110.4
141","116.0
306",".3612
229","51.4
174","52.3
229","14.6
46","18.7
60","28.8
237","35.2
341","39.6
62","41.4
316","52.7
138","52.9
232","33.4
200","34.3
198","48.9
20","39.5
182","70.1
40","-11.8
242"
230,Samford,SC,32,18-14,"108.0
191","113.7
274",".3571
230","53.1
96","51.9
205","13.4
11","13.0
354","25.3
333","25.7
16","41.9
32","32.9
128","52.8
134","50.3
109","35.6
79","36.5
323","45.7
51","35.9
73","67.4
183","-9.6
201"
231,Coastal Carolina,SB,32,19-13,"101.9
298","107.5
142",".3509
231","47.9
314","46.8
18","15.2
77","12.3
364","26.9
298","27.6
51","32.3
252","34.9
175","46.1
347","45.5
10","33.5
196","32.8
107","43.1
108","35.7
64","67.1
197","-8.7
175"
232,Lipscomb,ASun,32,19-13,"105.1
249","111.0
219",".3474
232","54.1
64","53.2
273","16.0
136","17.7
110","25.8
326","30.2
169","26.0
357","29.0
45","54.5
72","54.3
285","35.7
73","34.3
198","47.9
24","40.2
208","69.5
74","-7.6
153"
233,Florida Gulf Coast,ASun,34,16-18,"105.6
237","111.6
230",".3449
233","52.0
143","53.4
279","15.9
127","16.5
182","31.1
161","28.2
71","29.1
331","38.3
267","53.3
114","53.6
260","33.2
215","35.4
268","38.4
201","46.2
344","67.6
169","-13.2
269"
234,Old Dominion,SB,33,12-21,"106.4
220","112.7
254",".3423
234","50.7
200","50.8
144","15.4
93","14.5
318","26.0
322","30.3
173","34.7
190","42.0
321","48.8
287","52.4
216","36.0
59","32.0
61","36.2
245","36.4
88","68.9
97","-15.2
308"
235,Saint Peter's,MAAC,29,17-12,"103.6
277","109.7
190",".3412
235","46.4
346","48.1
40","17.7
249","20.0
22","37.0
17","34.7
330","35.5
163","46.4
354","46.2
345","48.0
43","31.0
319","32.1
65","38.7
197","35.5
60","65.5
283","-8.1
162"
236,Iona,MAAC,32,18-14,"104.6
256","110.8
217",".3405
236","51.9
150","48.9
61","17.2
214","16.6
177","27.8
272","31.2
211","29.3
325","28.8
39","51.2
203","51.0
136","35.1
105","30.6
22","45.9
47","40.7
228","69.2
86","-10.2
213"
237,"LIU
   16 seed, ❌",NEC,35,24-11,"103.9
270","110.1
199",".3401
237","52.8
108","50.0
97","18.9
315","18.8
56","33.9
68","33.0
296","34.0
207","34.7
171","52.4
151","50.9
133","35.8
66","32.2
71","29.3
354","32.9
17","67.8
156","-5.7
116"
238,Denver,Sum,32,15-17,"115.0
80","121.9
356",".3375
238","53.6
79","56.0
344","14.3
29","13.0
354","29.8
206","32.8
288","34.1
203","36.8
231","52.6
143","56.6
339","36.8
31","36.7
335","38.6
199","37.0
103","68.1
139","-10.9
227"
239,Eastern Michigan,MAC,31,10-21,"101.7
300","108.0
152",".3348
239","49.6
257","50.3
115","17.4
227","15.6
242","27.8
272","29.1
109","29.3
325","35.5
194","50.0
251","50.8
126","32.4
258","32.9
111","31.8
332","35.6
63","66.5
229","-14.5
293"
240,Radford,BSth,32,16-16,"106.6
215","113.2
265",".3339
240","51.3
180","53.0
267","17.1
207","18.5
70","29.8
206","32.2
266","42.4
25","40.0
301","52.3
153","52.9
232","33.5
196","35.5
275","45.4
58","37.9
123","70.7
25","-11.6
240"
241,Charleston Southern,BSth,32,15-17,"105.3
243","112.2
241",".3271
241","54.1
64","46.9
21","18.5
295","12.8
358","29.4
223","30.3
173","30.5
295","43.3
341","54.6
69","46.6
20","35.6
79","31.9
57","49.5
16","31.3
7","71.6
15","-13.1
267"
242,Boston University,Pat,34,17-17,"112.0
117","119.3
345",".3263
242","57.5
11","53.6
285","17.8
255","13.0
354","28.0
267","28.0
65","31.4
269","30.5
73","56.9
32","52.8
227","38.8
6","36.6
329","43.8
92","40.6
223","63.2
356","-13.5
279"
243,American,Pat,32,16-16,"105.5
239","112.5
250",".3249
243","51.5
170","54.4
310","15.6
108","19.2
40","26.9
298","29.4
126","28.7
334","42.1
323","53.3
114","55.1
311","33.0
227","35.5
275","46.5
38","37.0
103","66.8
218","-11.5
236"
244,Nebraska Omaha,Sum,33,16-17,"106.1
230","113.1
263",".3230
244","52.2
134","52.7
248","16.1
145","14.1
330","25.5
331","28.7
91","34.5
195","33.6
142","53.0
127","55.6
318","34.0
169","32.9
111","40.9
146","45.5
338","67.1
195","-12.3
249"
245,Central Michigan,MAC,31,10-21,"106.6
214","113.7
277",".3221
245","51.8
152","54.0
299","18.1
273","17.0
149","29.2
227","34.3
322","31.4
269","39.0
283","52.2
160","54.4
287","33.9
176","35.5
275","34.0
293","38.4
146","67.1
198","-15.3
309"
246,Colgate,Pat,33,18-15,"107.6
196","114.9
295",".3213
246","53.3
87","52.2
223","14.6
46","15.3
262","26.6
307","29.3
122","29.7
316","33.8
144","53.2
118","52.2
203","35.6
79","34.8
234","35.0
274","41.7
260","66.9
209","-9.8
208"
247,Fairfield,MAAC,34,21-13,"105.7
236","112.8
258",".3210
247","48.8
294","51.0
155","15.3
83","16.8
164","35.8
28","29.1
109","27.7
344","30.4
70","48.2
302","50.8
126","33.2
215","34.3
198","35.4
262","35.9
73","67.1
201","-9.6
203"
248,Nicholls St.,Slnd,33,14-19,"105.0
251","112.1
240",".3210
248","50.6
205","54.4
310","17.4
227","20.5
15","28.1
259","33.7
313","34.5
195","37.9
258","51.2
203","56.0
325","33.3
207","34.6
222","43.9
91","38.7
154","68.3
129","-12.6
256"
249,Southern,SWAC,34,17-17,"106.4
222","113.6
272",".3190
249","49.1
287","53.2
273","16.5
160","18.6
66","31.4
144","31.3
214","39.8
61","42.9
338","47.7
317","52.1
198","34.8
128","36.7
335","32.1
328","37.5
112","69.9
53","-10.8
225"
250,Long Beach St.,BW,32,10-22,"104.1
266","111.3
224",".3177
250","50.6
205","53.7
290","18.0
269","17.5
119","26.2
315","27.8
60","30.7
286","42.3
327","51.5
189","54.8
305","32.7
243","34.4
208","34.8
278","35.3
55","68.4
122","-15.7
315"
RK,TEAM,CONF,G,REC,ADJOE,ADJDE,BARTHAG,EFG%,EFGD%,TOR,TORD,ORB,DRB,FTR,FTRD,2P%,2P%D,3P%,3P%D,3PR,3PRD,ADJ T.,WAB
251,Vermont,AE,34,22-12,"105.2
247","112.5
251",".3162
251","53.1
96","50.4
120","14.3
29","14.8
303","26.2
315","23.0
2","31.1
279","36.4
224","55.7
47","48.6
52","33.3
207","35.3
263","44.6
77","41.2
245","64.7
317","-9.3
192"
252,Southeast Missouri St.,OVC,33,20-13,"101.2
308","108.2
159",".3159
252","49.8
243","48.8
57","16.9
191","18.1
92","29.6
218","28.2
71","38.8
82","48.0
361","51.8
175","48.4
47","30.9
322","33.1
125","36.0
250","33.2
22","69.0
96","-9.2
190"
253,UNC Asheville,BSth,32,15-17,"104.1
267","111.3
226",".3152
253","51.0
192","51.3
175","17.4
227","15.5
248","29.8
206","31.3
214","40.0
60","38.7
277","50.1
249","52.8
227","35.1
105","32.6
90","33.6
307","38.4
146","64.8
314","-12.4
252"
254,Princeton,Ivy,29,9-20,"105.0
252","112.4
249",".3133
254","49.6
257","52.0
209","17.1
207","14.3
325","27.2
288","28.5
85","34.6
193","34.0
151","48.6
293","55.7
320","33.9
176","31.1
37","44.5
78","41.4
251","63.9
341","-14.7
296"
255,East Carolina,Amer,31,11-20,"103.9
269","111.3
227",".3120
255","46.4
346","52.3
229","17.1
207","16.2
205","33.4
79","32.5
279","39.2
73","32.2
109","47.5
321","52.2
203","29.3
350","34.9
239","31.1
337","38.8
157","68.7
109","-13.5
278"
256,UC Riverside,BW,32,10-22,"103.7
275","111.1
221",".3103
256","48.9
290","52.7
248","19.0
320","15.5
248","27.8
272","30.0
156","35.0
177","40.9
311","49.9
256","53.8
267","31.6
300","33.5
152","38.3
203","31.7
9","68.5
121","-15.3
311"
257,Lamar,Slnd,31,12-19,"102.7
289","110.1
200",".3100
257","47.8
316","50.9
148","18.1
273","17.3
130","35.7
32","29.4
126","27.9
343","44.4
347","47.0
331","49.7
88","32.9
236","35.3
263","33.9
297","37.5
112","65.4
288","-13.9
283"
258,Abilene Christian,WAC,33,14-19,"99.8
330","107.4
140",".3014
258","47.5
326","56.5
352","20.8
355","23.4
2","31.0
162","29.1
109","41.7
34","53.5
365","48.0
309","54.4
287","31.0
319","40.9
365","32.8
318","30.0
5","67.5
177","-12.7
259"
259,Elon,CAA,32,14-18,"108.2
183","116.5
310",".3012
259","52.2
134","54.0
299","15.9
127","16.4
189","32.2
116","33.5
307","33.5
222","34.6
167","52.8
134","53.3
246","34.3
153","36.5
323","43.2
106","44.5
329","66.9
211","-13.0
266"
260,Pepperdine,WCC,32,9-23,"105.7
235","113.8
280",".3000
260","47.6
321","54.2
303","18.3
286","16.5
182","29.1
232","34.0
318","33.8
216","28.5
35","48.0
309","54.9
308","31.4
308","35.5
275","39.2
187","40.3
212","68.4
123","-15.2
306"
261,SIU Edwardsville,OVC,32,19-13,"99.0
339","106.6
125",".2976
261","49.5
265","45.6
5","17.9
264","17.0
149","30.1
194","31.6
231","30.6
289","34.3
158","47.8
314","45.8
13","35.0
110","30.2
9","36.2
245","38.4
146","64.4
327","-10.5
220"
262,Purdue Fort Wayne,Horz,32,17-15,"105.2
246","113.4
267",".2963
262","52.6
119","56.1
345","14.5
41","19.1
44","22.9
351","34.5
325","30.6
289","28.5
35","53.7
93","55.5
317","34.2
158","37.9
355","45.3
60","44.1
322","67.7
162","-9.0
185"
263,Tennessee Martin,OVC,33,22-11,"98.1
343","105.8
105",".2958
263","48.7
296","46.1
12","21.4
358","20.0
22","37.0
17","32.0
252","37.4
115","35.8
206","51.5
189","46.7
22","30.3
337","30.2
9","47.1
31","39.5
182","64.3
329","-7.9
155"
264,Idaho St.,BSky,33,13-20,"108.6
175","117.3
319",".2929
264","51.8
152","54.5
314","17.0
201","14.7
307","32.8
93","27.9
63","37.9
103","38.0
260","52.9
132","56.1
328","33.6
190","34.5
215","41.9
135","37.0
103","65.3
293","-14.2
285"
265,Wofford,SC,32,19-13,"108.2
185","117.0
313",".2903
265","52.5
126","53.8
291","13.4
11","14.9
292","29.8
206","29.0
102","36.2
143","36.8
231","52.5
147","53.4
251","35.0
110","36.4
320","43.1
108","38.0
129","67.8
157","-9.2
191"
266,Milwaukee,Horz,32,12-20,"106.5
217","115.2
298",".2891
266","49.9
239","55.5
340","15.2
77","15.8
228","33.0
89","29.2
119","32.1
256","35.9
209","50.8
217","56.0
325","32.3
264","36.5
323","38.1
209","40.2
208","67.7
168","-13.3
271"
267,Longwood,BSth,32,16-16,"103.4
282","111.8
235",".2890
267","49.7
250","53.8
291","19.1
323","19.8
28","34.6
56","27.7
54","41.3
40","42.1
323","51.1
208","56.1
328","31.4
308","33.8
170","34.8
278","42.6
283","68.6
116","-12.5
255"
268,UTEP,CUSA,31,11-20,"101.4
307","109.7
191",".2861
268","48.3
306","51.5
184","17.4
227","18.0
96","26.2
315","32.8
288","33.4
225","42.0
321","46.5
340","51.9
186","33.9
176","34.0
182","40.3
164","37.5
112","65.3
294","-14.6
294"
269,Southern Utah,WAC,32,10-22,"106.3
228","115.1
297",".2851
269","50.7
200","53.2
273","20.3
352","14.8
303","28.8
237","33.6
308","33.1
233","29.8
55","51.4
196","51.7
175","33.0
227","38.0
357","35.5
257","29.5
3","70.4
33","-15.6
312"
270,Incarnate Word,Slnd,31,12-19,"109.1
165","118.2
334",".2845
270","50.2
227","54.5
314","17.2
214","15.7
233","32.1
120","32.0
252","34.0
207","41.6
318","47.7
317","56.0
325","36.1
52","34.4
208","39.1
189","35.4
57","65.5
284","-13.5
275"
271,Mount St. Mary's,MAAC,32,15-17,"99.6
332","107.9
151",".2838
271","50.6
205","47.2
23","22.4
364","15.3
262","32.3
113","29.1
109","33.3
229","37.3
246","51.8
175","46.2
16","32.7
243","32.3
75","42.6
123","44.9
331","67.8
158","-12.2
247"
272,Lindenwood,OVC,33,18-15,"100.3
325","108.9
171",".2801
272","48.0
312","49.1
73","18.7
308","18.4
78","33.2
83","31.8
243","38.6
86","37.4
248","49.6
269","49.4
75","29.4
347","32.4
84","30.7
343","32.9
17","72.4
8","-11.1
228"
273,Dartmouth,Ivy,27,11-16,"104.6
255","113.6
271",".2791
273","51.8
152","52.7
248","17.6
241","13.8
340","23.7
346","29.7
143","38.0
102","30.7
78","49.4
271","53.2
244","36.1
52","34.6
222","48.7
21","39.2
173","69.6
67","-11.4
234"
274,Loyola Chicago,A10,33,9-24,"103.4
281","112.4
245",".2788
274","49.8
243","52.0
209","19.8
343","12.9
357","30.5
178","29.7
143","34.8
187","33.6
142","51.9
169","49.5
76","31.7
289","36.8
338","47.7
27","44.3
326","65.8
271","-15.7
314"
275,North Dakota,Sum,35,18-17,"106.5
219","115.7
302",".2779
275","49.4
272","56.5
352","14.1
26","19.4
36","27.4
285","32.4
274","37.8
106","43.8
344","49.7
265","57.2
345","32.7
243","37.1
345","40.6
153","42.9
292","67.3
184","-11.3
231"
RK,TEAM,CONF,G,REC,ADJOE,ADJDE,BARTHAG,EFG%,EFGD%,TOR,TORD,ORB,DRB,FTR,FTRD,2P%,2P%D,3P%,3P%D,3PR,3PRD,ADJ T.,WAB
276,Delaware,CUSA,31,10-21,"106.0
232","115.2
300",".2764
276","53.3
87","51.5
184","18.2
281","14.0
334","20.8
362","31.1
205","30.6
289","30.2
61","51.7
178","50.6
120","36.8
31","35.1
249","46.2
42","43.4
311","63.2
355","-15.9
316"
277,Sacramento St.,BSky,31,10-21,"105.2
247","114.6
292",".2725
277","47.0
336","55.0
329","14.1
26","17.1
137","25.2
334","33.4
305","41.2
41","36.2
213","46.6
336","56.8
340","31.9
284","35.2
255","35.6
255","43.7
314","71.7
13","-14.8
300"
278,Ball St.,MAC,31,12-19,"99.1
336","108.2
158",".2659
278","47.0
336","52.7
248","16.2
150","18.7
60","27.1
292","31.0
198","31.6
264","32.1
105","47.0
331","53.0
239","31.4
308","34.8
234","39.4
184","41.2
245","63.7
345","-14.5
292"
279,South Dakota,Sum,32,16-16,"104.4
261","114.2
283",".2622
279","49.9
239","54.5
314","16.6
169","15.9
225","28.7
242","30.3
173","45.2
4","31.0
84","50.7
222","55.7
320","32.3
264","34.5
215","35.9
251","30.0
5","70.0
47","-11.5
238"
280,"Prairie View A&M
   16 seed, ❌",SWAC,37,19-18,"101.6
303","111.2
223",".2606
280","47.4
330","50.9
148","15.8
119","19.0
48","26.7
305","35.4
344","41.6
35","42.6
331","46.5
340","50.1
102","32.9
236","35.0
243","30.6
347","32.9
17","70.5
30","-12.4
253"
281,Presbyterian,BSth,33,15-18,"102.5
292","112.3
244",".2590
281","51.0
192","51.2
165","19.3
331","15.7
233","33.1
87","30.6
183","39.3
71","37.1
239","52.3
153","50.6
120","31.6
300","34.7
228","28.0
359","36.3
86","64.2
333","-13.5
276"
282,Western Michigan,MAC,31,10-21,"107.2
201","117.5
322",".2583
282","49.9
239","54.4
310","16.9
191","13.4
346","30.5
178","29.1
109","32.8
238","37.5
250","48.1
305","54.5
295","35.3
95","36.1
307","36.1
247","43.7
314","67.9
154","-15.2
307"
283,UNC Greensboro,SC,34,15-19,"108.2
184","118.8
341",".2557
283","52.0
143","56.2
347","15.0
62","13.7
342","28.1
259","29.0
102","42.0
30","30.6
75","51.0
211","55.6
318","35.6
79","38.0
357","40.2
166","46.6
349","67.7
165","-15.0
301"
284,Mercyhurst,NEC,34,17-17,"101.5
304","111.6
229",".2521
284","49.5
265","50.1
103","14.3
29","18.7
60","26.4
311","29.9
152","25.6
361","42.6
331","50.0
251","51.0
136","32.1
274","32.3
75","31.1
337","33.6
26","64.6
321","-13.2
268"
285,Jacksonville,ASun,32,12-20,"103.8
274","114.2
284",".2500
285","50.0
232","54.8
324","17.2
214","15.0
286","31.7
135","29.1
109","32.8
238","42.7
336","51.5
189","55.0
309","31.7
289","36.3
315","37.4
223","35.2
50","63.6
347","-14.7
295"
286,Brown,Ivy,27,9-18,"98.1
342","108.1
153",".2478
286","48.6
299","51.3
175","19.5
337","18.7
60","29.0
235","30.0
156","28.1
340","37.6
252","50.4
242","52.2
203","30.3
337","33.5
152","36.3
244","43.0
294","66.7
221","-14.3
287"
287,Louisiana,SB,33,11-22,"101.5
305","111.9
236",".2463
287","47.1
333","52.6
243","16.8
181","18.3
83","28.3
251","32.3
270","28.7
334","45.8
352","44.8
356","52.2
203","33.6
190","35.6
285","40.5
156","36.2
84","63.3
354","-16.8
329"
288,"Lehigh
   16 seed, ❌",Pat,35,18-17,"102.1
295","112.7
255",".2445
288","52.9
106","50.6
131","17.7
249","16.2
205","23.2
349","31.4
220","31.8
259","32.5
113","52.2
160","51.2
152","36.1
52","32.9
111","38.3
203","31.8
10","66.7
220","-11.9
243"
289,Sacred Heart,MAAC,33,14-19,"107.2
202","118.3
336",".2423
289","52.0
143","53.5
283","17.7
249","14.5
318","28.6
245","30.9
196","31.0
281","27.0
22","50.4
242","54.4
287","35.7
73","34.8
234","50.7
11","43.5
313","68.4
126","-15.0
302"
290,West Georgia,ASun,32,15-17,"102.4
293","113.2
264",".2406
290","49.6
257","53.4
279","15.9
127","14.7
307","31.5
141","29.0
102","29.2
327","36.9
233","49.6
269","55.7
320","33.1
222","33.1
125","33.0
315","37.4
110","69.1
88","-12.3
251"
291,Morehead St.,OVC,33,20-13,"106.4
224","117.6
324",".2401
291","49.2
281","50.2
108","18.0
269","15.4
255","35.8
28","35.8
351","37.7
108","35.6
201","49.7
265","49.1
68","32.0
278","34.5
215","30.5
349","39.0
162","65.3
289","-9.0
183"
292,Arkansas Pine Bluff,SWAC,32,13-19,"105.0
253","116.0
307",".2401
292","50.0
232","52.6
243","18.7
308","16.5
182","27.9
269","34.2
320","38.4
91","43.6
342","49.8
260","54.4
287","33.6
190","33.2
134","37.2
226","37.3
109","69.3
77","-12.8
261"
293,IU Indy,Horz,32,7-25,"106.4
225","117.6
325",".2387
293","52.2
134","58.2
362","15.9
127","19.2
40","28.7
242","35.6
348","21.7
365","46.6
356","54.8
62","58.4
354","32.4
258","38.5
361","42.1
133","35.7
64","73.7
2","-19.8
355"
294,Florida A&M,SWAC,31,15-16,"99.0
338","109.5
189",".2384
294","49.2
281","51.2
165","21.5
359","19.1
44","30.9
168","30.9
196","37.4
115","39.6
297","49.4
271","50.6
120","32.6
248","34.9
239","37.7
219","34.4
36","68.0
141","-11.7
241"
295,East Texas A&M,Slnd,32,11-21,"101.0
313","111.8
231",".2374
295","49.2
281","52.9
260","19.2
328","17.0
149","25.7
328","32.8
288","32.0
258","34.5
165","51.2
203","51.0
136","31.3
313","37.3
347","46.2
42","38.0
129","68.4
124","-14.7
299"
296,Northeastern,CAA,31,7-24,"107.0
206","118.5
338",".2372
296","52.4
129","56.4
350","16.4
159","16.8
164","27.3
287","30.2
169","29.4
322","41.9
319","53.6
98","57.8
350","33.7
186","35.8
293","37.8
216","35.2
50","69.8
58","-19.0
351"
297,Southeastern Louisiana,Slnd,31,9-22,"99.7
331","110.4
210",".2358
297","46.7
342","52.4
233","18.4
290","19.1
44","28.6
245","31.4
220","40.3
57","41.2
314","49.4
271","51.4
156","28.4
360","36.0
298","39.5
182","37.9
123","65.5
286","-16.3
323"
298,Bellarmine,ASun,32,13-19,"115.3
75","127.9
365",".2318
298","59.4
3","59.4
365","15.5
102","15.0
286","22.4
354","34.2
320","35.0
177","34.3
158","61.0
3","58.1
352","38.1
17","40.4
364","41.2
145","50.5
362","64.6
320","-14.3
286"
299,USC Upstate,BSth,32,13-19,"99.6
333","110.7
216",".2280
299","48.3
306","51.0
155","18.2
281","16.4
189","29.2
227","31.4
220","32.8
238","36.0
211","48.9
285","49.5
76","31.4
308","35.6
285","35.6
255","36.1
82","67.6
171","-14.0
284"
300,Eastern Kentucky,ASun,32,11-21,"108.7
173","121.0
351",".2259
300","52.1
142","56.1
345","16.9
191","14.8
303","32.5
104","31.7
237","30.7
286","38.5
271","51.6
184","57.4
348","35.0
110","36.2
309","50.8
9","41.6
258","67.3
185","-16.3
322"
RK,TEAM,CONF,G,REC,ADJOE,ADJDE,BARTHAG,EFG%,EFGD%,TOR,TORD,ORB,DRB,FTR,FTRD,2P%,2P%D,3P%,3P%D,3PR,3PRD,ADJ T.,WAB
301,Grambling St.,SWAC,33,14-19,"96.5
349","107.4
141",".2254
301","48.8
294","50.0
97","21.2
357","20.8
12","30.3
187","32.5
279","41.1
44","40.0
301","48.9
285","50.5
118","32.3
264","32.7
99","38.1
209","35.2
50","67.6
173","-14.7
298"
302,Oral Roberts,Sum,33,10-23,"102.5
291","114.3
287",".2235
302","49.7
250","53.6
285","18.5
295","14.7
307","28.4
248","31.8
243","34.8
187","39.1
286","51.1
208","52.2
203","32.0
278","37.4
348","45.6
55","36.6
91","67.7
163","-17.5
339"
303,Houston Christian,Slnd,32,12-20,"101.8
299","113.8
278",".2186
303","49.7
250","54.2
303","18.9
315","17.6
117","29.9
203","32.5
279","36.0
150","30.7
78","50.9
215","55.3
313","31.7
289","35.0
243","36.5
238","37.4
110","64.1
335","-14.7
297"
304,Evansville,MVC,32,7-25,"102.6
290","114.6
293",".2186
304","49.3
276","55.1
332","19.1
323","15.4
255","22.0
355","30.2
169","29.8
314","31.4
89","49.9
256","54.0
275","32.2
268","37.6
350","43.1
108","43.2
302","67.0
206","-17.5
337"
305,Hampton,CAA,32,13-19,"100.9
314","112.9
260",".2158
305","45.7
352","52.0
209","17.0
201","17.2
133","32.9
91","30.0
156","39.2
73","46.5
355","47.1
330","54.0
275","28.8
357","32.1
65","37.1
228","33.6
26","65.4
287","-14.5
289"
306,Stetson,ASun,33,12-21,"105.4
242","117.9
328",".2158
306","53.1
96","55.2
335","18.1
273","15.1
272","26.6
307","31.8
243","32.4
249","30.4
70","52.5
147","57.6
349","36.0
59","34.6
222","44.7
75","41.1
242","66.8
216","-15.7
313"
307,Alabama St.,SWAC,32,10-22,"100.0
327","111.9
237",".2157
307","47.1
333","52.2
223","18.3
286","18.7
60","31.9
126","31.5
226","34.9
182","42.3
327","46.8
333","52.8
227","31.8
285","34.2
193","38.5
200","40.4
218","69.3
79","-16.4
324"
308,Northwestern St.,Slnd,32,10-22,"100.8
317","112.8
257",".2152
308","48.6
299","53.0
267","18.3
286","16.9
160","26.1
320","32.6
284","40.1
58","36.3
218","48.0
309","52.9
232","33.2
215","35.5
275","33.9
297","37.9
123","64.8
312","-16.0
317"
309,Chattanooga,SC,32,13-19,"105.9
234","118.5
339",".2140
309","54.2
60","51.7
193","14.4
37","13.2
350","21.8
357","31.7
237","29.7
316","42.6
331","55.8
44","52.1
198","35.0
110","34.2
193","49.2
18","44.2
325","67.1
202","-15.2
305"
310,Alabama A&M,SWAC,33,18-15,"104.5
259","117.1
314",".2132
310","49.2
281","52.1
218","16.5
160","16.6
177","27.5
280","29.5
131","45.4
3","38.6
274","47.5
321","51.5
161","35.0
110","35.4
268","34.0
293","36.5
89","65.3
292","-11.5
237"
311,Texas Southern,SWAC,30,12-18,"102.1
296","114.4
291",".2131
311","49.7
250","52.5
238","18.5
295","16.5
182","28.8
237","31.2
211","38.2
97","44.0
345","49.8
260","53.5
253","33.1
222","34.1
187","32.5
323","43.2
302","68.7
106","-12.9
262"
312,North Carolina A&T,CAA,30,11-19,"104.6
257","117.3
320",".2104
312","50.7
200","52.9
260","18.6
302","14.1
330","31.7
135","28.6
88","42.3
26","37.5
250","52.3
153","51.7
175","31.6
300","36.6
329","32.7
321","38.1
135","68.5
117","-15.0
303"
313,Central Connecticut,NEC,30,18-12,"104.5
258","117.3
321",".2099
313","51.6
167","50.2
108","16.2
150","14.0
334","27.5
280","30.4
178","31.2
276","26.9
20","50.5
233","50.3
109","35.8
66","33.4
143","34.9
275","39.3
176","64.9
309","-9.3
194"
314,Wagner,NEC,31,14-17,"102.2
294","114.8
294",".2088
314","49.6
257","50.4
120","18.5
295","14.9
292","32.8
93","29.6
137","32.3
252","40.8
309","46.6
336","49.9
95","36.6
36","34.3
198","36.1
247","35.8
67","65.5
282","-13.3
272"
315,Le Moyne,NEC,32,15-17,"101.1
309","113.8
279",".2048
315","52.7
112","49.3
76","19.1
323","15.0
286","25.2
334","29.1
109","39.5
66","32.7
120","53.5
107","46.1
15","34.3
153","36.0
298","40.8
150","39.7
191","69.5
73","-13.6
281"
316,Cleveland St.,Horz,33,11-22,"109.8
153","123.8
363",".2016
316","54.2
60","57.2
360","17.8
255","15.1
272","27.0
294","36.6
355","37.9
103","35.5
194","52.0
166","59.5
362","37.5
21","36.2
309","50.8
9","44.0
319","69.6
64","-16.6
326"
317,Georgia St.,SB,32,10-22,"99.3
334","112.3
243",".1957
317","44.2
362","50.6
131","15.9
127","16.4
189","27.7
276","33.6
308","37.2
122","34.9
175","42.9
365","51.2
152","30.6
328","33.1
125","42.4
128","39.0
162","68.0
145","-17.5
340"
318,Northern Arizona,BSky,32,10-22,"105.3
244","119.6
346",".1879
318","51.7
160","56.9
355","16.0
136","16.6
177","23.3
348","33.4
305","31.8
259","32.7
120","50.7
222","56.1
328","35.6
79","38.7
362","36.7
236","40.0
204","63.8
342","-16.7
328"
319,Albany,AE,32,11-21,"103.9
272","118.1
333",".1860
319","51.3
180","53.2
273","18.5
295","15.8
228","32.7
97","32.4
274","24.9
364","35.7
203","52.8
134","52.7
224","32.6
248","36.0
298","37.6
220","40.6
223","65.3
290","-17.1
332"
320,UMass Lowell,AE,33,15-18,"103.0
284","117.1
315",".1855
320","49.8
243","53.5
283","18.0
269","14.2
329","32.7
97","29.4
126","34.9
182","28.3
34","50.5
233","54.4
287","32.2
268","34.6
222","31.3
335","35.0
46","69.4
76","-13.5
277"
321,Lafayette,Pat,32,11-21,"100.8
316","115.8
304",".1696
321","49.3
276","53.6
285","15.3
83","15.1
272","25.8
326","28.6
88","32.4
249","30.6
75","50.0
251","53.4
251","32.2
268","36.0
298","39.8
172","38.0
129","66.9
212","-16.9
330"
322,Tennessee Tech,OVC,31,13-18,"102.0
297","117.2
316",".1684
322","48.9
290","51.5
184","19.1
323","15.1
272","31.3
148","30.7
189","35.5
163","31.3
88","50.1
249","50.3
109","31.1
316","35.8
293","36.5
238","36.1
82","67.1
203","-14.5
291"
323,Bucknell,Pat,33,10-23,"98.9
340","114.0
282",".1637
323","48.5
302","54.7
320","19.0
320","17.9
101","27.0
294","31.3
214","29.8
314","35.3
186","50.4
242","54.1
279","30.6
328","37.0
343","42.7
122","45.7
342","67.1
199","-18.0
342"
324,NJIT,AE,33,16-17,"97.2
345","112.0
238",".1633
324","46.7
342","50.0
97","17.1
207","16.2
205","26.2
315","32.1
260","33.2
232","37.9
258","47.5
321","51.1
146","30.4
335","32.3
75","40.1
168","40.7
228","68.1
138","-12.2
248"
325,Loyola MD,Pat,32,12-20,"103.8
273","119.8
347",".1615
325","50.4
217","54.7
320","15.5
102","15.3
262","27.6
279","29.0
102","29.9
313","32.7
120","51.9
169","58.3
353","32.6
248","32.8
107","47.2
30","39.6
188","68.2
134","-16.6
327"
RK,TEAM,CONF,G,REC,ADJOE,ADJDE,BARTHAG,EFG%,EFGD%,TOR,TORD,ORB,DRB,FTR,FTRD,2P%,2P%D,3P%,3P%D,3PR,3PRD,ADJ T.,WAB
326,North Florida,ASun,32,7-25,"107.0
208","123.7
362",".1585
326","52.9
106","56.3
348","17.9
264","12.7
362","25.2
334","37.6
361","28.8
333","31.4
89","53.4
109","58.7
358","35.0
110","35.1
249","51.7
7","39.0
162","70.6
28","-18.8
348"
327,Little Rock,OVC,32,12-20,"101.1
311","116.9
312",".1581
327","49.4
272","51.8
200","18.4
290","18.5
70","31.5
141","36.6
355","27.7
344","33.1
134","47.9
312","51.9
186","35.3
95","34.4
208","31.0
339","40.3
212","66.5
231","-16.3
320"
328,New Haven,NEC,31,14-17,"96.2
351","111.5
228",".1550
328","48.7
296","51.8
200","17.8
255","17.1
137","21.5
359","26.8
31","31.7
262","27.7
31","51.0
211","52.1
198","30.2
340","34.3
198","39.8
172","38.4
146","63.4
350","-13.0
265"
329,Cal St. Bakersfield,BW,32,8-24,"101.6
301","117.8
327",".1541
329","45.7
352","54.0
299","18.9
315","17.9
101","30.4
182","35.6
348","42.2
27","42.6
331","46.6
336","53.9
271","29.0
353","36.0
298","28.9
356","39.0
162","70.1
42","-18.1
345"
330,Norfolk St.,MEAC,32,15-17,"101.6
302","118.0
331",".1513
330","49.3
276","51.7
193","18.7
308","18.8
56","32.5
104","32.3
270","43.5
14","45.3
351","48.4
300","54.4
287","34.2
158","32.0
61","30.6
347","41.6
258","68.1
136","-13.3
270"
331,Eastern Illinois,OVC,33,13-20,"97.0
346","113.1
262",".1466
331","45.7
352","50.8
144","18.6
302","19.3
38","28.2
256","35.2
341","33.5
222","35.3
186","44.9
354","53.1
242","31.7
289","31.7
51","29.9
352","41.2
245","65.7
276","-15.1
304"
332,Manhattan,MAAC,32,12-20,"104.0
268","121.4
353",".1443
332","47.9
314","53.9
295","15.6
108","16.7
172","28.6
245","37.0
358","34.0
207","25.7
10","47.8
314","53.3
246","32.0
278","36.6
329","37.1
228","38.0
129","68.0
142","-16.1
318"
333,Niagara,MAAC,30,8-22,"100.3
323","117.2
318",".1426
333","50.5
212","52.8
258","18.9
315","16.6
177","24.8
343","32.9
295","26.6
354","33.8
144","50.5
233","52.7
224","33.7
186","35.3
263","40.5
156","40.4
218","62.3
364","-18.0
343"
334,Jackson St.,SWAC,33,12-21,"101.1
312","118.3
335",".1410
334","45.7
352","53.0
267","19.4
334","16.5
182","29.7
215","37.2
359","37.4
115","41.9
319","44.6
358","53.5
253","31.4
308","34.8
234","43.3
105","39.7
191","69.6
66","-13.8
282"
335,UTSA,Amer,30,5-25,"100.8
319","118.0
330",".1407
335","44.8
360","53.3
277","17.5
234","14.7
307","30.2
190","38.7
363","29.5
320","33.3
135","45.5
353","53.8
267","29.2
351","35.1
249","41.3
143","43.3
307","68.6
112","-18.4
347"
336,Holy Cross,Pat,33,11-22,"100.9
315","118.1
332",".1402
336","49.8
243","54.8
324","15.3
83","14.1
330","21.9
356","27.0
37","31.5
267","27.6
30","50.4
242","57.2
345","32.5
253","34.0
182","37.3
224","39.0
162","65.5
285","-18.0
344"
337,Stonehill,NEC,33,12-21,"92.3
362","108.6
165",".1335
337","46.9
339","47.8
38","19.4
334","13.4
346","27.5
280","27.1
40","27.3
350","30.3
66","46.5
340","46.7
22","31.7
289","33.4
143","40.5
156","32.4
15","66.4
237","-17.4
336"
338,North Alabama,ASun,30,9-21,"100.1
326","117.8
326",".1326
338","48.0
312","55.2
335","17.5
234","14.5
318","31.2
155","32.2
266","37.6
111","30.3
66","49.1
277","56.5
338","30.7
326","35.7
290","33.7
302","43.3
307","64.9
310","-17.0
331"
339,Chicago St.,NEC,32,7-25,"100.3
324","118.6
340",".1270
339","45.3
358","56.7
354","15.6
108","20.1
20","28.3
251","35.0
339","30.0
310","38.0
260","44.0
359","60.0
364","32.1
274","35.6
285","30.9
340","50.8
363","65.7
275","-19.0
350"
340,Fairleigh Dickinson,NEC,32,11-21,"100.8
318","119.3
344",".1260
340","47.1
333","55.2
335","18.1
273","16.1
214","32.0
122","27.3
45","32.8
238","36.3
218","48.6
293","54.1
279","30.3
337","37.8
354","45.2
62","40.5
221","64.1
338","-16.6
325"
341,Canisius,MAAC,31,10-21,"96.0
353","113.7
275",".1248
341","46.3
348","52.2
223","19.6
339","16.0
222","29.3
224","29.8
148","31.4
269","35.2
183","44.0
359","54.3
285","33.3
207","33.0
120","39.5
182","44.0
319","64.1
336","-17.3
334"
342,Air Force,MWC,32,3-29,"96.3
350","114.2
285",".1231
342","48.9
290","56.4
350","21.9
361","15.1
272","21.4
360","31.3
214","35.1
173","36.6
228","51.1
208","56.3
333","30.6
328","37.6
350","41.8
137","38.8
157","66.3
241","-19.9
356"
343,Army,Pat,32,11-21,"99.8
329","118.4
337",".1225
343","49.3
276","55.1
332","17.2
214","15.4
255","29.6
218","27.7
54","26.8
353","39.6
297","50.7
222","56.4
337","32.0
278","35.6
285","53.3
3","41.7
260","67.2
193","-17.3
335"
344,Alcorn St.,SWAC,32,9-23,"97.3
344","115.6
301",".1213
344","47.7
320","55.0
329","19.6
339","18.1
92","26.9
298","35.5
346","31.8
259","39.4
293","46.5
340","58.0
351","33.3
207","33.0
120","33.7
302","35.1
48","68.0
143","-16.2
319"
345,Northern Illinois,MAC,30,9-21,"95.8
355","114.4
290",".1158
345","47.6
321","55.6
342","21.8
360","16.3
199","30.3
187","30.0
156","38.3
94","38.3
267","48.5
297","56.3
333","30.9
322","36.3
315","45.0
66","37.7
119","67.5
175","-15.3
310"
346,Southern Indiana,OVC,30,7-23,"96.2
352","114.9
296",".1148
346","43.7
363","49.4
79","17.2
214","16.4
189","31.4
144","33.8
315","37.2
122","36.2
213","43.0
364","48.7
55","29.9
344","34.1
187","39.7
178","27.1
1","67.7
164","-20.2
357"
347,The Citadel,SC,33,11-22,"100.3
322","120.7
350",".1061
347","49.5
265","57.5
361","16.3
154","14.7
307","27.9
269","31.5
226","30.0
310","33.3
135","51.0
211","59.6
363","32.0
278","36.6
329","47.8
26","44.1
322","64.2
334","-18.3
346"
348,Louisiana Monroe,SB,32,4-28,"101.5
306","122.7
359",".1013
348","47.8
316","57.1
358","16.9
191","15.7
233","25.1
338","35.4
344","38.8
82","27.7
31","47.4
325","58.4
354","32.2
268","36.9
342","41.9
135","42.3
276","70.3
35","-23.0
364"
349,Maine,AE,32,8-24,"92.4
361","111.8
233",".0999
349","49.6
257","50.6
131","19.1
323","19.4
36","19.7
364","34.3
322","38.4
91","33.9
146","51.2
203","54.5
295","31.2
314","29.3
4","37.0
230","36.8
96","64.8
315","-20.4
359"
350,New Hampshire,AE,30,9-21,"95.5
357","116.2
308",".0950
350","46.7
342","53.4
279","16.5
160","15.8
228","25.7
328","26.9
34","28.5
338","35.8
206","47.4
325","54.6
301","30.5
333","34.3
198","43.1
108","36.9
101","67.4
179","-16.3
321"
351,Saint Francis,NEC,31,7-24,"100.7
320","122.6
358",".0947
351","48.9
290","58.9
364","18.4
290","18.4
78","27.5
280","33.1
300","30.8
285","38.3
267","47.5
321","60.1
365","34.2
158","38.1
359","37.8
216","40.9
237","70.0
43","-19.2
352"
352,North Carolina Central,MEAC,32,14-18,"100.3
321","122.5
357",".0912
352","47.5
326","54.5
314","18.1
273","19.9
25","30.0
197","39.4
364","39.3
71","36.9
233","46.7
334","54.5
295","32.6
248","36.4
320","33.9
297","40.6
223","65.8
270","-13.0
264"
353,South Carolina St.,MEAC,32,10-22,"95.7
356","117.2
317",".0883
353","46.8
341","53.9
295","20.8
355","18.8
56","31.4
144","37.6
361","41.1
44","51.9
364","44.8
356","56.3
333","34.0
169","33.5
152","33.3
311","38.9
161","68.9
101","-17.2
333"
354,Morgan St.,MEAC,30,14-16,"99.1
337","121.4
354",".0880
354","45.8
351","51.7
193","17.8
255","16.5
182","30.7
173","35.2
341","42.7
22","50.9
363","44.9
354","53.7
262","31.7
289","31.5
44","35.2
267","31.9
11","70.5
31","-13.0
263"
355,Bryant,AE,31,9-22,"97.0
347","120.1
348",".0787
355","46.9
339","52.7
248","20.2
351","14.6
314","27.7
276","31.0
198","29.4
322","33.5
140","48.7
290","51.8
182","30.0
342","36.3
315","47.9
24","35.8
67","64.3
330","-17.7
341"
356,Maryland Eastern Shore,MEAC,32,9-23,"93.5
358","116.4
309",".0749
356","47.8
316","50.7
137","23.8
365","17.9
101","32.4
111","33.6
308","29.5
320","43.0
340","49.9
256","51.1
146","29.0
353","33.5
152","33.5
309","39.7
191","63.3
353","-17.5
338"
357,Rider,MAAC,29,4-25,"96.5
348","120.1
349",".0747
357","42.8
365","55.2
335","16.9
191","15.3
262","32.6
100","32.8
288","30.1
307","32.5
113","43.3
362","54.0
275","27.7
365","37.9
355","27.5
361","39.9
199","65.7
273","-19.4
353"
358,Binghamton,AE,31,8-23,"98.8
341","123.3
360",".0727
358","50.0
232","54.3
307","18.8
312","13.3
348","20.9
361","29.4
126","41.5
37","34.6
167","50.6
227","54.7
304","32.5
253","35.8
293","30.9
340","39.2
173","65.6
280","-20.3
358"
359,VMI,SC,32,6-26,"99.2
335","124.5
364",".0685
359","47.6
321","57.0
357","15.3
83","15.7
233","25.6
330","37.2
359","30.6
289","34.6
167","47.9
312","58.9
359","31.5
305","36.5
323","53.6
2","46.5
348","66.9
213","-22.1
361"
360,UMKC,Sum,31,4-27,"93.1
359","117.9
329",".0620
360","45.7
352","56.3
348","18.2
281","16.4
189","26.4
311","35.9
353","29.2
327","31.4
89","47.6
319","56.2
332","28.4
360","37.6
350","36.8
233","39.0
162","69.8
59","-21.4
360"
361,Gardner Webb,BSth,33,4-29,"95.9
354","121.9
355",".0591
361","47.8
316","56.9
355","19.8
343","15.3
262","23.2
349","36.6
355","30.3
302","35.2
183","48.6
293","59.0
360","31.0
319","36.0
298","39.8
172","41.0
240","69.6
65","-22.9
362"
362,Delaware St.,MEAC,31,8-23,"88.7
365","114.2
286",".0515
362","42.9
364","52.9
260","19.9
346","19.5
33","27.7
276","32.0
252","34.1
203","40.5
307","43.1
363","54.8
305","28.4
360","33.0
120","28.9
356","34.7
42","65.5
281","-19.6
354"
363,Coppin St.,MEAC,31,7-24,"91.9
363","119.0
342",".0489
363","45.9
350","55.4
339","22.3
363","17.5
119","30.4
182","34.8
333","38.5
89","42.9
338","45.8
348","53.9
271","30.7
326","38.3
360","35.2
267","43.2
302","68.6
113","-18.9
349"
364,Mississippi Valley St.,SWAC,33,3-30,"91.4
364","121.2
352",".0377
364","45.2
359","55.5
340","21.9
361","17.1
137","26.4
311","35.5
346","33.9
212","50.8
362","45.6
351","55.3
313","29.5
346","37.2
346","30.2
351","42.5
281","67.3
188","-24.7
365"
365,Western Illinois,OVC,31,5-26,"93.0
360","123.6
361",".0368
365","44.5
361","54.2
303","17.5
234","14.9
292","27.0
294","34.8
333","37.7
108","34.8
173","43.5
361","54.6
301","30.9
322","35.6
285","33.3
311","34.6
41","66.5
230","-22.9
363"
RK,TEAM,CONF,G,REC,ADJOE,ADJDE,BARTHAG,EFG%,EFGD%,TOR,TORD,ORB,DRB,FTR,FTRD,2P%,2P%D,3P%,3P%D,3PR,3PRD,ADJ T.,WAB
