SEASON,TEAM,ADJOE,ADJDE,TEMPO,WAB
2022-23,Connecticut,121.5,91.2,0.9643,30.8
2022-23,Alabama,116.1,89.0,0.9548,36.6
2022-23,Houston,117.3,90.3,0.9532,28.9
2022-23,UCLA,114.9,88.5,0.9528,27.4
2022-23,Tennessee,111.2,87.5,0.9401,30.7
2022-23,Texas,116.1,91.8,0.9371,30.5
2022-23,Purdue,117.9,93.7,0.9333,37.2
2022-23,Arizona,119.4,95.4,0.9292,35.8
2022-23,Gonzaga,123.2,99.0,0.9251,34.1
2022-23,Saint Mary's,112.1,90.5,0.9213,32.0
2022-23,San Diego St.,110.8,89.5,0.9205,33.2
2022-23,Marquette,118.7,96.0,0.9197,27.0
2022-23,Creighton,115.0,93.2,0.9177,28.4
2022-23,Kansas,113.8,92.3,0.9177,29.8
2022-23,Duke,113.3,92.9,0.9072,29.9
2022-23,Memphis,115.4,95.0,0.903,35.4
2022-23,Baylor,121.7,100.6,0.8992,36.8
2022-23,West Virginia,117.2,97.5,0.8935,39.4
2022-23,Arkansas,111.9,93.3,0.8894,39.3
2022-23,Xavier,118.0,98.5,0.8891,31.4
2022-23,Auburn,113.1,94.9,0.8829,36.3
2022-23,Florida Atlantic,114.0,95.8,0.8815,29.6
2022-23,Texas A&M,113.8,95.7,0.8808,45.1
2022-23,Kansas St.,112.6,94.7,0.8803,36.1
2022-23,Michigan St.,114.4,96.4,0.8771,27.2
2022-23,Kentucky,115.7,97.7,0.8738,31.9
2022-23,Miami FL,119.1,100.9,0.8715,30.7
2022-23,TCU,111.7,94.6,0.8705,34.1
2022-23,Iowa St.,107.0,90.9,0.8679,27.9
2022-23,Utah St.,115.4,98.0,0.867,34.9
2022-23,Maryland,112.6,95.8,0.8658,34.3
2022-23,Northwestern,109.7,93.4,0.8642,29.7
2022-23,North Texas,110.0,93.8,0.8623,31.0
2022-23,Virginia,110.0,94.0,0.8591,34.7
2022-23,Indiana,113.1,96.9,0.8557,29.5
2022-23,Penn St.,117.5,100.7,0.8548,21.3
2022-23,Oregon,113.0,97.1,0.8511,32.0
2022-23,UAB,112.4,97.0,0.8454,35.7
2022-23,Rutgers,105.4,91.0,0.8438,28.2
2022-23,North Carolina,111.5,96.4,0.8431,37.0
2022-23,Iowa,119.9,103.9,0.8385,32.3
2022-23,Oklahoma St.,106.3,92.1,0.838,32.5
2022-23,Boise St.,110.1,95.6,0.8361,30.3
2022-23,Michigan,111.7,97.1,0.8323,30.8
2022-23,Ohio St.,115.8,100.7,0.8322,26.6
2022-23,USC,111.8,97.4,0.8298,33.2
2022-23,Cincinnati,111.9,97.5,0.8295,25.7
2022-23,N.C. State,113.6,99.2,0.8272,25.3
2022-23,Liberty,111.4,97.3,0.8246,26.2
2022-23,Illinois,108.9,95.4,0.8216,34.3
2022-23,Arizona St.,108.4,95.0,0.8207,31.2
2022-23,Oklahoma,109.6,96.2,0.8173,30.1
2022-23,Drake,108.8,95.6,0.8155,28.4
2022-23,Texas Tech,110.7,97.4,0.8135,34.8
2022-23,Providence,114.9,101.2,0.8128,36.3
2022-23,Washington St.,111.3,98.0,0.8115,28.2
2022-23,Clemson,110.9,97.7,0.8096,30.5
2022-23,Seton Hall,106.2,93.7,0.8082,40.1
2022-23,Wisconsin,106.5,94.0,0.8075,25.0
2022-23,Utah Valley,107.1,94.6,0.8065,35.6
2022-23,Villanova,112.3,99.3,0.8047,30.0
2022-23,VCU,105.5,93.4,0.8026,41.6
2022-23,UCF,107.7,95.6,0.7988,28.9
2022-23,Mississippi St.,103.4,91.8,0.7986,33.8
2022-23,Missouri,117.5,104.5,0.7939,29.1
2022-23,Utah,106.7,95.0,0.7908,29.2
2022-23,Iona,110.3,98.3,0.7908,29.0
2022-23,Dayton,109.8,97.9,0.7882,35.5
2022-23,Colorado,106.5,95.1,0.7876,29.9
2022-23,Charleston,109.4,97.7,0.7865,32.7
2022-23,New Mexico,114.4,102.4,0.7813,39.1
2022-23,Pittsburgh,113.1,101.6,0.7743,32.9
2022-23,Vanderbilt,114.0,102.5,0.7728,31.6
2022-23,Stanford,114.4,102.9,0.7722,29.4
2022-23,Virginia Tech,114.0,102.6,0.771,25.9
2022-23,Sam Houston St.,103.9,93.6,0.7682,32.3
2022-23,BYU,108.6,98.3,0.7577,32.5
2022-23,St. John's,107.9,97.7,0.7568,27.7
2022-23,Kent St.,107.0,97.0,0.7561,31.5
2022-23,Nevada,109.7,99.5,0.7542,39.1
2022-23,Santa Clara,109.7,99.5,0.7537,30.6
2022-23,Yale,107.7,97.8,0.7534,30.6
2022-23,Oral Roberts,111.8,101.6,0.7487,24.2
2022-23,Florida,105.7,96.2,0.7467,34.5
2022-23,Wake Forest,111.4,101.5,0.7432,32.1
2022-23,Wichita St.,108.1,98.7,0.7395,30.8
2022-23,Hofstra,109.9,100.4,0.7389,20.9
2022-23,Toledo,119.9,109.6,0.7369,34.4
2022-23,Louisiana,110.8,101.6,0.7299,37.0
2022-23,South Alabama,108.4,99.5,0.7294,22.3
2022-23,Marshall,109.6,100.6,0.7273,26.2
2022-23,Bradley,106.0,97.8,0.7175,26.8
2022-23,Princeton,109.1,101.0,0.7083,30.4
2022-23,Nebraska,106.0,98.4,0.703,28.2
2022-23,Indiana St.,109.5,101.7,0.7016,31.5
2022-23,Furman,112.7,104.8,0.6984,34.8
2022-23,UNLV,106.4,99.0,0.6963,35.5
2022-23,Saint Louis,110.8,103.3,0.6929,29.1
2022-23,Vermont,109.7,102.5,0.6873,28.1
2022-23,Montana St.,105.1,98.2,0.6871,44.0
2022-23,UC Irvine,105.9,99.1,0.6841,29.3
2022-23,San Francisco,109.2,102.2,0.6819,32.2
2022-23,San Jose St.,108.4,101.6,0.6772,27.2
2022-23,Charlotte,108.0,101.5,0.6703,24.9
2022-23,Temple,107.6,101.1,0.6701,34.6
2022-23,Tulane,108.7,102.4,0.6672,35.4
2022-23,Southern Miss,105.8,99.7,0.6652,32.2
2022-23,Colorado St.,110.9,104.6,0.6629,29.8
2022-23,Colgate,112.5,106.1,0.6607,27.3
2022-23,Washington,103.9,98.3,0.6549,31.7
2022-23,UNC Greensboro,103.0,97.5,0.6548,32.4
2022-23,Akron,108.6,103.0,0.6479,33.7
2022-23,Mississippi,106.2,100.8,0.6459,29.2
2022-23,James Madison,105.4,100.0,0.6455,38.9
2022-23,Kennesaw St.,105.6,100.3,0.6428,35.9
2022-23,Grand Canyon,111.3,106.0,0.6388,36.9
2022-23,Southern Utah,108.6,103.4,0.6378,39.5
2022-23,Cal St. Fullerton,104.1,99.3,0.6336,38.7
2022-23,Penn,109.9,104.9,0.6313,29.5
2022-23,UMass Lowell,107.8,103.0,0.628,33.8
2022-23,Duquesne,107.8,103.0,0.6279,26.4
2022-23,Middle Tennessee,105.8,101.3,0.6218,29.4
2022-23,Butler,100.6,96.7,0.613,25.9
2022-23,UC Santa Barbara,110.0,105.7,0.6125,34.4
2022-23,Towson,107.7,103.8,0.6039,29.8
2022-23,Tarleton St.,104.0,100.4,0.5997,47.6
2022-23,Belmont,110.2,106.4,0.5993,24.3
2022-23,Loyola Marymount,107.7,104.1,0.5981,31.6
2022-23,Eastern Washington,109.9,106.4,0.5913,31.5
2022-23,Davidson,107.0,103.8,0.5867,32.8
2022-23,Syracuse,109.0,105.7,0.5863,30.7
2022-23,Fresno St.,103.2,100.2,0.5826,24.3
2022-23,Utah Tech,107.7,104.9,0.5748,44.8
2022-23,Notre Dame,108.5,105.8,0.5743,23.3
2022-23,Hawaii,100.5,98.1,0.5705,33.6
2022-23,Georgia Tech,104.7,102.2,0.5687,23.5
2022-23,Air Force,105.4,102.9,0.5665,31.2
2022-23,Ohio,109.3,106.8,0.5662,27.5
2022-23,DePaul,106.7,104.3,0.5659,27.6
2022-23,South Florida,105.2,103.0,0.5608,30.7
2022-23,Stephen F. Austin,103.9,101.8,0.5605,38.9
2022-23,Samford,107.7,105.6,0.556,41.0
2022-23,LSU,105.9,104.2,0.5459,33.7
2022-23,Southern Illinois,99.8,98.2,0.5455,30.6
2022-23,Missouri St.,103.8,102.2,0.5451,27.2
2022-23,Eastern Kentucky,104.4,102.8,0.5437,24.3
2022-23,Portland,109.7,108.2,0.5398,43.3
2022-23,Troy,102.8,101.4,0.5396,32.5
2022-23,Fordham,101.7,100.3,0.5384,37.6
2022-23,Wyoming,106.7,105.3,0.536,33.4
2022-23,Northern Kentucky,102.6,101.4,0.5349,26.9
2022-23,Appalachian St.,101.3,100.2,0.532,29.3
2022-23,Long Beach St.,104.8,103.7,0.5315,34.4
2022-23,Youngstown St.,110.1,109.1,0.5274,29.4
2022-23,UNC Wilmington,101.5,100.6,0.5252,39.7
2022-23,Boston College,102.5,101.7,0.5223,27.3
2022-23,UC Riverside,105.9,105.1,0.5219,26.2
2022-23,SMU,103.2,102.5,0.5206,33.0
2022-23,Georgia,103.3,102.6,0.5201,40.5
2022-23,George Mason,100.7,100.0,0.52,37.1
2022-23,Seattle,100.0,99.4,0.5196,32.4
2022-23,Cal Baptist,102.4,101.7,0.5194,31.6
2022-23,Longwood,103.7,103.1,0.5168,33.6
2022-23,Brown,100.1,99.7,0.5129,29.8
2022-23,UTEP,99.7,99.3,0.5111,38.8
2022-23,Richmond,102.2,101.8,0.5103,33.0
2022-23,Cornell,109.8,109.4,0.5099,28.5
2022-23,Montana,107.8,107.5,0.5077,29.1
2022-23,Pacific,107.2,107.0,0.5029,33.1
2022-23,UC Davis,102.8,102.8,0.5004,42.8
2022-23,Chattanooga,107.3,107.3,0.5001,32.0
2022-23,North Carolina Central,99.9,100.0,0.4986,34.2
2022-23,Louisiana Tech,104.5,104.5,0.4983,28.4
2022-23,Cleveland St.,104.0,104.2,0.4943,29.7
2022-23,Radford,103.6,103.8,0.4938,27.4
2022-23,Lipscomb,103.5,103.8,0.4936,23.6
2022-23,Ball St.,107.2,107.6,0.4898,42.3
2022-23,Grambling St.,98.7,99.3,0.4842,41.5
2022-23,Saint Joseph's,103.9,104.5,0.4828,34.2
2022-23,Stetson,111.5,112.2,0.4828,25.8
2022-23,Western Kentucky,103.2,104.0,0.479,32.3
2022-23,Harvard,99.5,100.3,0.4769,31.2
2022-23,Drexel,100.0,101.1,0.4685,30.1
2022-23,UNC Asheville,102.3,103.5,0.4657,40.9
2022-23,Quinnipiac,103.5,105.0,0.4607,33.0
2022-23,St. Bonaventure,100.1,101.6,0.4574,29.5
2022-23,Texas A&M Corpus Chris,105.8,107.4,0.4566,34.8
2022-23,East Carolina,101.6,103.1,0.4566,37.1
2022-23,Pepperdine,104.2,105.8,0.4562,26.7
2022-23,Georgia Southern,99.5,101.1,0.4551,27.9
2022-23,Texas St.,104.6,106.2,0.4541,32.5
2022-23,Buffalo,103.1,104.8,0.4533,32.1
2022-23,St. Thomas,106.1,108.0,0.4497,30.7
2022-23,George Washington,108.9,110.9,0.4489,34.5
2022-23,Old Dominion,101.2,103.1,0.448,36.2
2022-23,Navy,101.3,103.2,0.4476,23.7
2022-23,Wright St.,103.4,105.4,0.4449,24.0
2022-23,Abilene Christian,104.4,106.5,0.442,32.3
2022-23,FIU,102.7,104.9,0.4418,28.7
2022-23,Weber St.,99.0,101.1,0.4404,33.7
2022-23,South Dakota St.,103.0,105.2,0.4378,28.1
2022-23,Florida Gulf Coast,103.6,105.9,0.4376,28.2
2022-23,Georgetown,103.5,106.0,0.4327,29.1
2022-23,Queens,105.7,108.3,0.4299,35.9
2022-23,Florida St.,104.0,106.6,0.4299,30.4
2022-23,New Mexico St.,103.7,106.4,0.4265,34.7
2022-23,Minnesota,102.3,104.9,0.426,30.8
2022-23,Gardner Webb,98.2,100.8,0.4241,34.8
2022-23,Morehead St.,100.4,103.3,0.4206,34.7
2022-23,Northern Arizona,106.8,110.3,0.4092,27.4
2022-23,Rice,106.7,110.2,0.4092,32.5
2022-23,South Carolina,102.9,106.2,0.4087,26.8
2022-23,La Salle,103.3,106.7,0.4086,28.3
2022-23,Massachusetts,99.3,102.7,0.4053,32.2
2022-23,Oregon St.,98.5,101.9,0.4038,33.9
2022-23,Bryant,102.8,106.4,0.4037,32.9
2022-23,Mercer,98.8,102.2,0.403,28.6
2022-23,Howard,102.7,106.3,0.4025,32.2
2022-23,San Diego,108.9,112.7,0.4022,30.9
2022-23,Detroit Mercy,109.2,113.2,0.3963,27.2
2022-23,Northern Iowa,102.5,106.4,0.3957,31.1
2022-23,Rider,104.6,108.6,0.3929,29.3
2022-23,Norfolk St.,104.9,109.0,0.3921,39.5
2022-23,Siena,100.2,104.2,0.3902,34.5
2022-23,Campbell,104.6,108.7,0.3892,38.0
2022-23,Jacksonville,99.9,104.2,0.3819,22.8
2022-23,North Florida,108.3,113.1,0.3785,28.4
2022-23,Murray St.,104.8,109.4,0.3776,33.2
2022-23,Northwestern St.,104.0,108.7,0.3749,27.2
2022-23,Loyola Chicago,101.7,106.3,0.3745,31.1
2022-23,Jacksonville St.,101.5,106.2,0.3717,31.8
2022-23,Northern Colorado,105.8,110.9,0.3693,31.4
2022-23,UT Arlington,99.4,104.2,0.3683,29.7
2022-23,North Dakota St.,102.3,107.3,0.365,32.2
2022-23,Portland St.,102.4,107.5,0.3638,34.8
2022-23,Delaware,101.9,107.0,0.3637,33.0
2022-23,UC San Diego,102.9,108.1,0.3615,26.1
2022-23,Wofford,107.8,113.8,0.3511,30.0
2022-23,Army,102.1,107.7,0.3508,31.3
2022-23,Milwaukee,101.3,107.0,0.3471,31.9
2022-23,Rhode Island,97.1,102.7,0.342,37.0
2022-23,Robert Morris,97.7,103.5,0.341,26.9
2022-23,Purdue Fort Wayne,99.5,105.5,0.3378,28.7
2022-23,Western Carolina,101.0,107.2,0.3359,33.8
2022-23,Canisius,101.1,107.4,0.3346,24.9
2022-23,Northern Illinois,99.7,106.0,0.3307,34.3
2022-23,Idaho St.,101.1,107.6,0.3298,28.9
2022-23,USC Upstate,98.2,104.5,0.3287,31.4
2022-23,Winthrop,107.4,114.4,0.3279,41.6
2022-23,UMBC,103.9,110.9,0.3218,27.0
2022-23,East Tennessee St.,100.2,107.0,0.3197,31.2
2022-23,North Alabama,102.4,109.3,0.319,30.1
2022-23,Bellarmine,101.8,109.0,0.3125,25.4
2022-23,Mount St. Mary's,97.5,104.5,0.3111,25.9
2022-23,Sacramento St.,101.4,108.7,0.3093,27.5
2022-23,UTSA,102.1,109.5,0.3082,37.4
2022-23,Niagara,100.3,107.7,0.3072,30.0
2022-23,Dartmouth,99.3,106.8,0.3011,29.1
2022-23,UT Rio Grande Valley,102.3,110.0,0.301,45.9
2022-23,Alcorn St.,100.2,107.8,0.3009,35.3
2022-23,Southeastern Louisiana,102.6,110.4,0.3008,32.1
2022-23,SIU Edwardsville,98.8,106.3,0.2999,40.3
2022-23,Louisville,101.2,109.4,0.2915,32.9
2022-23,Fairleigh Dickinson,106.1,114.7,0.2909,28.0
2022-23,California,95.8,103.6,0.2897,31.5
2022-23,Lafayette,94.7,102.4,0.2878,24.5
2022-23,Fairfield,98.0,106.2,0.2851,37.9
2022-23,Southeast Missouri St.,99.4,107.8,0.2823,38.2
2022-23,Miami OH,102.2,110.9,0.2801,32.1
2022-23,North Dakota,102.8,111.8,0.2762,27.3
2022-23,Maryland Eastern Shore,92.3,100.4,0.2761,31.4
2022-23,Marist,97.2,105.8,0.2751,28.9
2022-23,Louisiana Monroe,96.9,105.5,0.2741,30.0
2022-23,Prairie View A&M,93.7,102.0,0.274,33.0
2022-23,Nicholls St.,98.2,107.1,0.27,27.6
2022-23,Denver,99.9,109.0,0.2676,39.4
2022-23,Merrimack,90.5,98.8,0.2669,34.6
2022-23,Tennessee St.,100.3,109.5,0.2663,35.1
2022-23,Bowling Green,102.3,111.7,0.266,32.5
2022-23,Oakland,102.2,111.8,0.2621,31.6
2022-23,Tennessee Martin,100.9,110.5,0.2599,36.1
2022-23,New Hampshire,96.6,105.8,0.2597,29.6
2022-23,Tennessee Tech,100.7,110.3,0.2588,29.9
2022-23,American,100.1,109.7,0.2579,27.9
2022-23,Illinois Chicago,98.0,107.4,0.2578,34.1
2022-23,Arkansas St.,99.3,109.0,0.2535,35.1
2022-23,Maine,97.8,107.4,0.2534,23.0
2022-23,Lehigh,96.7,106.4,0.2498,31.1
2022-23,Bucknell,98.7,108.8,0.2458,26.9
2022-23,Valparaiso,97.0,107.0,0.2436,27.9
2022-23,Coastal Carolina,103.2,114.0,0.2412,28.9
2022-23,Cal Poly,93.2,103.1,0.2399,31.0
2022-23,Texas Southern,95.4,105.4,0.2395,34.3
2022-23,Boston University,96.3,106.5,0.2393,29.0
2022-23,High Point,99.6,110.3,0.2379,38.7
2022-23,Georgia St.,97.1,107.4,0.2376,33.5
2022-23,Illinois St.,98.9,109.5,0.2371,31.3
2022-23,Southern Indiana,101.1,112.1,0.2337,33.5
2022-23,Cal St. Bakersfield,94.1,104.3,0.2331,29.4
2022-23,Tulsa,98.5,109.3,0.2321,26.7
2022-23,Charleston Southern,103.7,115.2,0.23,27.4
2022-23,Southern,94.4,105.0,0.2283,34.5
2022-23,Northeastern,97.0,107.9,0.2281,27.7
2022-23,Western Illinois,100.4,111.8,0.2252,31.4
2022-23,South Dakota,101.6,113.3,0.2226,28.1
2022-23,Binghamton,98.1,109.5,0.2209,28.2
2022-23,Chicago St.,101.3,113.1,0.2198,31.9
2022-23,Idaho,100.6,112.7,0.2142,35.8
2022-23,Jackson St.,98.1,109.8,0.2139,32.9
2022-23,Alabama A&M,95.8,107.4,0.2121,35.9
2022-23,Wagner,93.0,104.3,0.2117,25.2
2022-23,Saint Peter's,96.1,107.8,0.2106,28.4
2022-23,Manhattan,96.4,108.7,0.2012,31.5
2022-23,William & Mary,99.0,111.6,0.2002,29.2
2022-23,Eastern Michigan,100.4,113.4,0.1976,32.2
2022-23,East Texas A&M,100.0,113.0,0.1968,28.3
2022-23,Elon,97.6,110.3,0.1962,27.5
2022-23,Loyola MD,98.7,111.7,0.1952,28.2
2022-23,NJIT,97.4,110.7,0.1867,28.2
2022-23,Arkansas Pine Bluff,94.1,107.0,0.1858,33.8
2022-23,Nebraska Omaha,98.6,112.2,0.1847,29.6
2022-23,Morgan St.,92.7,105.6,0.1819,31.0
2022-23,Stonehill,94.4,107.6,0.1809,32.2
2022-23,North Carolina A&T,96.9,110.5,0.18,30.0
2022-23,New Orleans,97.9,111.8,0.1783,36.5
2022-23,Saint Francis,100.7,115.1,0.1775,32.8
2022-23,Little Rock,100.7,115.4,0.1728,31.9
2022-23,Central Arkansas,97.7,112.0,0.1716,24.3
2022-23,Cal St. Northridge,94.7,108.8,0.1685,36.6
2022-23,McNeese St.,98.3,113.0,0.1674,29.2
2022-23,Austin Peay,95.7,110.5,0.1614,26.1
2022-23,UMKC,93.9,108.4,0.1612,33.3
2022-23,Western Michigan,100.5,116.0,0.1611,27.8
2022-23,Incarnate Word,96.1,111.2,0.158,33.3
2022-23,Sacred Heart,95.4,110.5,0.1549,27.6
2022-23,The Citadel,96.4,111.7,0.1544,28.9
2022-23,Stony Brook,94.6,109.9,0.1525,29.4
2022-23,Columbia,94.3,110.0,0.1444,28.1
2022-23,Presbyterian,93.0,108.9,0.1403,36.5
2022-23,Coppin St.,97.8,114.7,0.1377,37.2
2022-23,South Carolina St.,97.7,114.7,0.1359,29.2
2022-23,Central Michigan,92.0,108.1,0.1355,36.9
2022-23,Holy Cross,93.5,110.0,0.133,25.5
2022-23,Central Connecticut,96.4,113.5,0.1321,23.3
2022-23,Lindenwood,95.2,112.3,0.13,28.3
2022-23,Albany,97.4,115.6,0.1226,31.0
2022-23,Bethune Cookman,96.1,114.5,0.118,32.1
2022-23,Hampton,96.8,115.4,0.1179,32.1
2022-23,Monmouth,91.7,109.5,0.115,33.1
2022-23,Houston Christian,100.5,120.2,0.1142,40.6
2022-23,Eastern Illinois,92.9,111.2,0.1131,32.4
2022-23,Evansville,90.7,108.5,0.1125,29.4
2022-23,St. Francis NY,91.0,109.3,0.1084,31.1
2022-23,VMI,97.2,117.4,0.1017,21.0
2022-23,Alabama St.,91.5,110.8,0.0999,31.2
2022-23,Lamar,94.1,114.5,0.0955,32.2
2022-23,Mississippi Valley St.,91.8,111.7,0.0951,38.0
2022-23,Florida A&M,89.3,108.8,0.0931,31.4
2022-23,Delaware St.,91.0,111.2,0.0913,29.3
2022-23,IU Indy,95.7,118.0,0.0826,32.2
2022-23,Green Bay,90.8,114.2,0.0669,31.5
2022-23,Hartford,89.5,117.5,0.0418,24.1
2022-23,LIU,86.9,116.7,0.0328,31.7
2023-24,Connecticut,128.0,91.3,0.9799,31.9
2023-24,Houston,119.6,86.5,0.9766,30.8
2023-24,Purdue,126.0,94.5,0.9649,41.3
2023-24,Auburn,121.0,93.1,0.9534,38.3
2023-24,Iowa St.,113.6,87.7,0.9517,35.4
2023-24,Arizona,120.5,93.3,0.9501,36.4
2023-24,Tennessee,115.9,90.4,0.9455,33.7
2023-24,Duke,121.3,95.5,0.9399,34.3
2023-24,North Carolina,119.2,94.3,0.9369,36.2
2023-24,Creighton,121.7,97.1,0.9309,24.7
2023-24,Marquette,118.6,94.9,0.9289,25.5
2023-24,Gonzaga,123.6,99.1,0.9269,30.7
2023-24,Illinois,125.7,101.1,0.9247,37.1
2023-24,Alabama,126.1,102.5,0.9154,35.3
2023-24,Saint Mary's,115.3,94.1,0.9124,28.0
2023-24,St. John's,120.1,98.5,0.9067,27.3
2023-24,Baylor,122.6,101.0,0.9028,40.2
2023-24,Michigan St.,113.3,93.5,0.9015,29.3
2023-24,Texas,116.6,96.5,0.898,30.2
2023-24,Clemson,117.7,97.4,0.8978,30.7
2023-24,Kansas,113.7,94.2,0.8971,32.5
2023-24,Florida,120.5,100.2,0.8936,38.4
2023-24,Colorado,118.3,98.6,0.8902,35.1
2023-24,BYU,119.8,99.9,0.8897,25.4
2023-24,Wisconsin,118.8,99.1,0.8892,33.8
2023-24,Nebraska,116.0,96.9,0.8882,32.6
2023-24,Kentucky,122.7,102.7,0.8863,30.4
2023-24,San Diego St.,112.0,94.1,0.8802,36.7
2023-24,New Mexico,113.9,96.0,0.8774,33.2
2023-24,Pittsburgh,116.7,98.8,0.8712,30.5
2023-24,Villanova,110.4,93.8,0.8674,26.8
2023-24,Texas Tech,116.9,99.3,0.8669,34.2
2023-24,Texas A&M,117.7,100.0,0.8667,38.6
2023-24,Mississippi St.,112.3,95.5,0.8652,37.4
2023-24,Wake Forest,117.0,99.7,0.8624,32.0
2023-24,Nevada,115.0,98.1,0.8617,45.0
2023-24,Northwestern,115.7,98.8,0.8592,29.2
2023-24,Seton Hall,113.1,96.9,0.8558,30.9
2023-24,Washington St.,112.8,96.7,0.8549,31.6
2023-24,Utah,114.2,97.9,0.8547,27.1
2023-24,Ohio St.,115.0,98.7,0.8536,33.6
2023-24,Indiana St.,119.6,102.7,0.8524,33.1
2023-24,Colorado St.,112.8,96.8,0.8523,31.8
2023-24,Boise St.,113.7,97.8,0.8497,35.1
2023-24,Cincinnati,111.3,95.7,0.8495,27.6
2023-24,TCU,114.0,98.2,0.8481,35.0
2023-24,Dayton,116.7,100.6,0.847,36.7
2023-24,N.C. State,114.2,99.1,0.8366,32.0
2023-24,Oklahoma,113.1,98.4,0.8318,37.7
2023-24,South Carolina,115.0,100.1,0.8309,31.8
2023-24,Drake,114.8,100.1,0.8282,32.3
2023-24,Oregon,114.2,99.7,0.827,32.0
2023-24,Virginia Tech,115.8,101.3,0.823,33.0
2023-24,Iowa,119.5,104.6,0.8216,33.1
2023-24,Florida Atlantic,116.7,102.5,0.8162,34.8
2023-24,Providence,108.7,95.5,0.8161,31.8
2023-24,Butler,112.6,98.9,0.816,26.7
2023-24,Utah St.,114.9,101.3,0.8091,39.0
2023-24,Washington,114.7,101.3,0.8063,32.1
2023-24,Bradley,111.6,98.8,0.8014,27.5
2023-24,Xavier,111.7,99.0,0.7997,31.8
2023-24,Virginia,104.1,92.3,0.7988,25.3
2023-24,Grand Canyon,111.2,98.8,0.7954,46.7
2023-24,North Texas,110.6,98.8,0.7857,28.8
2023-24,San Francisco,109.9,98.3,0.7839,23.5
2023-24,UCF,106.6,95.3,0.7834,37.2
2023-24,SMU,112.1,100.4,0.7805,28.8
2023-24,Maryland,106.1,95.1,0.778,40.8
2023-24,Kansas St.,107.9,96.8,0.7771,38.3
2023-24,USC,110.6,99.2,0.776,33.6
2023-24,Syracuse,112.3,100.8,0.7759,34.1
2023-24,UNLV,112.2,100.9,0.7712,33.2
2023-24,Georgia,109.7,98.7,0.7709,36.6
2023-24,James Madison,111.8,100.7,0.7697,34.9
2023-24,Penn St.,110.2,99.6,0.7629,35.3
2023-24,Boston College,112.9,102.1,0.7603,25.0
2023-24,Minnesota,113.8,103.1,0.7567,34.7
2023-24,Duquesne,107.0,97.0,0.7549,32.5
2023-24,Mississippi,113.6,103.0,0.7542,35.1
2023-24,Richmond,107.0,97.4,0.7472,27.6
2023-24,Florida St.,110.7,100.8,0.747,36.8
2023-24,VCU,108.0,98.4,0.7456,35.0
2023-24,Indiana,110.0,100.2,0.7455,37.7
2023-24,South Florida,110.5,101.0,0.7377,37.8
2023-24,Miami FL,110.7,101.2,0.7362,24.6
2023-24,LSU,110.8,101.4,0.7356,38.3
2023-24,McNeese St.,111.0,101.6,0.7334,40.1
2023-24,UCLA,108.0,99.0,0.7317,35.8
2023-24,Samford,112.5,103.1,0.7312,36.2
2023-24,Memphis,111.9,102.7,0.7281,36.3
2023-24,Loyola Chicago,104.7,96.2,0.7254,33.4
2023-24,UC Irvine,108.8,100.1,0.7232,34.0
2023-24,Yale,109.9,101.1,0.7227,27.8
2023-24,Louisiana Tech,108.1,99.5,0.7222,42.0
2023-24,Saint Joseph's,110.4,101.7,0.7214,28.7
2023-24,Massachusetts,111.2,102.4,0.7204,35.8
2023-24,Princeton,114.7,105.7,0.719,28.3
2023-24,George Mason,109.0,100.7,0.7135,36.7
2023-24,Charleston,113.8,105.5,0.7045,27.2
2023-24,Appalachian St.,106.6,99.3,0.694,31.6
2023-24,Belmont,109.5,102.2,0.689,30.3
2023-24,Stanford,110.0,102.8,0.6849,28.6
2023-24,Arkansas,110.0,102.9,0.6839,45.3
2023-24,St. Bonaventure,111.2,104.2,0.6804,32.2
2023-24,Rutgers,98.3,92.1,0.6801,32.9
2023-24,Northern Iowa,109.3,102.5,0.6765,37.4
2023-24,Charlotte,108.7,102.1,0.6713,35.2
2023-24,UAB,113.2,106.6,0.6668,40.6
2023-24,Hofstra,108.4,102.1,0.6665,22.3
2023-24,Oklahoma St.,108.8,102.5,0.665,34.0
2023-24,Cornell,112.0,105.8,0.6593,28.0
2023-24,Western Carolina,108.1,102.2,0.657,27.7
2023-24,Vermont,104.3,98.7,0.6522,29.2
2023-24,UT Arlington,109.3,103.5,0.6509,39.0
2023-24,Seattle,104.5,99.3,0.6405,34.6
2023-24,Southern Illinois,108.8,103.6,0.6381,35.9
2023-24,Santa Clara,108.7,103.5,0.6373,31.6
2023-24,Michigan,110.2,105.0,0.6369,32.0
2023-24,California,108.0,103.2,0.6286,29.2
2023-24,Davidson,105.1,100.4,0.6279,33.5
2023-24,Georgia Tech,108.6,103.8,0.6262,29.2
2023-24,Troy,106.9,102.3,0.6232,41.3
2023-24,High Point,114.5,109.7,0.6209,43.2
2023-24,Notre Dame,102.6,98.5,0.6171,27.9
2023-24,Oakland,108.9,104.6,0.6132,30.8
2023-24,UNC Wilmington,112.8,108.4,0.6109,32.9
2023-24,Arizona St.,103.3,99.5,0.6067,33.1
2023-24,Sam Houston St.,106.0,102.2,0.6036,34.7
2023-24,Drexel,107.2,103.4,0.6019,30.0
2023-24,Western Kentucky,105.5,101.8,0.6012,32.1
2023-24,Morehead St.,107.5,103.9,0.5968,30.6
2023-24,Missouri,108.4,105.0,0.5917,31.7
2023-24,West Virginia,108.8,105.4,0.5907,37.1
2023-24,Wichita St.,104.9,101.7,0.5896,26.4
2023-24,Arkansas St.,112.8,109.3,0.5896,32.9
2023-24,Tarleton St.,108.5,105.2,0.5884,30.4
2023-24,Akron,105.2,102.0,0.588,32.7
2023-24,South Dakota St.,108.2,105.2,0.5815,30.1
2023-24,UC San Diego,110.8,107.8,0.5777,32.4
2023-24,Youngstown St.,107.1,104.5,0.5681,29.3
2023-24,UNC Greensboro,109.0,106.7,0.5622,27.3
2023-24,Missouri St.,104.1,102.0,0.5575,31.5
2023-24,Ohio,107.9,105.9,0.5553,32.1
2023-24,St. Thomas,106.9,104.9,0.554,29.4
2023-24,Toledo,111.7,109.6,0.554,35.4
2023-24,Wright St.,115.8,113.7,0.553,33.6
2023-24,Towson,102.4,100.6,0.5527,34.7
2023-24,Liberty,108.4,106.5,0.5508,26.7
2023-24,Louisiana,105.1,103.2,0.5507,28.6
2023-24,Tulane,109.4,107.5,0.5497,45.5
2023-24,Oregon St.,106.4,104.7,0.5464,35.6
2023-24,Furman,109.0,107.6,0.5363,31.0
2023-24,Wyoming,108.1,107.0,0.53,38.0
2023-24,Chattanooga,109.7,108.6,0.5284,30.9
2023-24,Murray St.,107.3,106.4,0.5257,29.6
2023-24,Delaware,104.5,103.9,0.5177,30.9
2023-24,UTEP,98.3,97.8,0.5127,42.8
2023-24,Stony Brook,106.4,106.1,0.5084,29.2
2023-24,UC Davis,102.4,102.1,0.5075,38.2
2023-24,Weber St.,107.4,107.3,0.5037,35.2
2023-24,Montana,110.1,110.1,0.4995,28.8
2023-24,Colgate,102.9,102.9,0.4985,27.5
2023-24,Winthrop,106.3,106.4,0.4956,50.0
2023-24,Quinnipiac,105.1,105.3,0.4956,30.4
2023-24,East Carolina,105.1,105.5,0.4903,34.0
2023-24,Purdue Fort Wayne,103.6,104.0,0.4903,29.8
2023-24,Eastern Washington,110.7,111.2,0.4889,39.6
2023-24,UMass Lowell,105.2,105.7,0.4852,40.1
2023-24,Kent St.,105.4,106.0,0.4838,31.9
2023-24,Bryant,100.2,101.0,0.4774,29.9
2023-24,UNC Asheville,106.2,107.1,0.4771,40.8
2023-24,Utah Valley,98.7,99.6,0.4765,35.4
2023-24,Georgetown,109.8,110.8,0.4759,33.9
2023-24,La Salle,106.0,107.0,0.4738,24.8
2023-24,Hawaii,104.2,105.2,0.4736,39.0
2023-24,Saint Louis,111.6,112.8,0.469,36.3
2023-24,Little Rock,106.0,107.1,0.4683,32.8
2023-24,Illinois Chicago,100.8,101.9,0.4682,26.0
2023-24,Loyola Marymount,108.3,109.7,0.462,28.8
2023-24,Brown,104.1,105.5,0.4615,33.0
2023-24,Longwood,104.1,105.6,0.4605,39.5
2023-24,East Tennessee St.,102.2,103.8,0.4557,33.9
2023-24,Fordham,100.6,102.3,0.4519,35.1
2023-24,Temple,102.4,104.2,0.4486,32.1
2023-24,Stephen F. Austin,100.3,102.2,0.4482,42.2
2023-24,Pepperdine,106.2,108.3,0.4447,32.6
2023-24,Texas A&M Corpus Chris,99.8,101.8,0.444,36.3
2023-24,Vanderbilt,104.4,106.5,0.4436,35.2
2023-24,Rice,107.2,109.4,0.4428,29.9
2023-24,Louisville,104.8,107.0,0.4398,38.8
2023-24,Long Beach St.,105.1,107.7,0.4317,37.8
2023-24,Fairfield,107.3,109.9,0.4314,28.4
2023-24,Illinois St.,102.4,104.9,0.4297,36.1
2023-24,UMKC,100.8,103.4,0.4255,29.3
2023-24,Northern Kentucky,102.1,104.9,0.4234,35.1
2023-24,Gardner Webb,102.2,105.0,0.4222,35.9
2023-24,Texas St.,99.3,102.2,0.4185,37.8
2023-24,Monmouth,105.0,108.0,0.4182,29.2
2023-24,Penn,108.8,112.0,0.4159,27.0
2023-24,Rhode Island,106.1,109.4,0.414,39.4
2023-24,Tulsa,101.6,104.8,0.413,40.6
2023-24,George Washington,106.4,109.8,0.4099,34.2
2023-24,Eastern Kentucky,106.8,110.3,0.4092,32.0
2023-24,Cleveland St.,105.1,108.5,0.4088,31.0
2023-24,Columbia,106.6,110.1,0.4079,29.3
2023-24,Montana St.,103.6,107.1,0.4051,30.6
2023-24,Radford,107.6,111.4,0.4016,28.0
2023-24,Abilene Christian,101.1,104.7,0.4002,37.9
2023-24,Mercer,104.1,107.9,0.398,27.6
2023-24,Evansville,101.1,104.9,0.3977,28.3
2023-24,Jacksonville St.,101.4,105.1,0.3975,37.2
2023-24,Northeastern,105.4,109.3,0.3963,29.8
2023-24,Northern Colorado,106.2,110.3,0.391,27.8
2023-24,Harvard,101.2,105.2,0.3882,35.7
2023-24,Lipscomb,109.2,113.8,0.3853,27.5
2023-24,Marist,96.5,100.6,0.3826,29.8
2023-24,South Alabama,103.2,107.7,0.3813,31.6
2023-24,Saint Peter's,97.0,101.2,0.3803,38.0
2023-24,UC Riverside,103.8,108.4,0.3799,28.6
2023-24,Merrimack,95.9,100.1,0.3794,34.3
2023-24,Wofford,105.7,110.3,0.3789,27.7
2023-24,Cal Baptist,101.8,106.4,0.3757,36.8
2023-24,Rider,102.3,106.9,0.3742,31.9
2023-24,San Jose St.,104.7,109.6,0.3726,22.4
2023-24,North Dakota,104.9,109.8,0.3719,32.2
2023-24,Mount St. Mary's,102.2,107.3,0.3642,26.7
2023-24,Tennessee Martin,105.4,110.8,0.3589,32.8
2023-24,Cal St. Fullerton,99.4,104.6,0.3557,38.6
2023-24,Air Force,106.4,112.2,0.3514,29.6
2023-24,Georgia St.,104.2,109.9,0.3514,28.6
2023-24,Bowling Green,101.5,107.1,0.3499,35.1
2023-24,UTSA,106.4,112.5,0.3466,35.0
2023-24,Iona,102.3,108.2,0.3448,28.5
2023-24,Fresno St.,102.3,108.3,0.3422,30.4
2023-24,Stetson,107.9,114.3,0.3415,31.8
2023-24,Nicholls St.,103.7,109.9,0.3392,37.6
2023-24,Milwaukee,106.3,112.7,0.339,34.0
2023-24,Cal St. Northridge,98.9,104.9,0.3386,37.6
2023-24,North Florida,105.6,112.0,0.3365,28.3
2023-24,Florida Gulf Coast,102.1,108.3,0.336,27.2
2023-24,Marshall,100.1,106.3,0.3339,28.8
2023-24,UC Santa Barbara,104.2,110.8,0.3311,39.7
2023-24,San Diego,100.2,106.6,0.3293,32.0
2023-24,Lamar,102.1,108.6,0.329,33.2
2023-24,Portland St.,98.7,105.1,0.329,34.3
2023-24,Southern,97.0,103.2,0.3288,35.6
2023-24,Albany,104.2,110.9,0.3284,29.2
2023-24,Norfolk St.,102.3,108.9,0.3264,41.8
2023-24,Miami OH,99.0,105.5,0.3262,30.4
2023-24,Cal St. Bakersfield,100.1,106.7,0.3261,32.0
2023-24,Maine,95.8,102.1,0.3249,30.0
2023-24,Southern Utah,104.4,111.3,0.324,36.2
2023-24,Idaho St.,102.7,109.7,0.3194,33.5
2023-24,Canisius,100.2,107.1,0.317,27.5
2023-24,UMBC,104.5,111.8,0.3151,24.1
2023-24,Green Bay,102.0,109.3,0.3102,29.4
2023-24,Queens,103.8,111.3,0.3101,33.7
2023-24,Austin Peay,107.2,115.0,0.3087,31.9
2023-24,Ball St.,102.3,109.8,0.3069,38.2
2023-24,Southern Miss,99.7,107.1,0.3049,37.9
2023-24,Middle Tennessee,98.4,105.8,0.3028,34.9
2023-24,Grambling St.,98.9,106.4,0.302,38.8
2023-24,Western Illinois,97.3,104.8,0.299,35.6
2023-24,North Dakota St.,103.3,111.2,0.2984,30.3
2023-24,North Carolina Central,104.6,112.8,0.2953,40.4
2023-24,North Alabama,104.3,112.5,0.2944,32.9
2023-24,Lehigh,99.0,106.8,0.2938,33.0
2023-24,Georgia Southern,104.6,113.0,0.2915,28.9
2023-24,Central Michigan,95.9,103.6,0.2902,27.4
2023-24,Utah Tech,99.8,107.9,0.288,40.3
2023-24,Bucknell,98.7,106.9,0.2869,29.0
2023-24,Portland,103.9,112.5,0.2856,31.7
2023-24,Binghamton,101.8,110.3,0.2843,34.3
2023-24,Texas Southern,98.6,106.9,0.2828,31.1
2023-24,Nebraska Omaha,102.3,111.0,0.2811,39.7
2023-24,Howard,104.7,113.6,0.28,42.1
2023-24,Central Connecticut,100.0,108.7,0.2763,33.0
2023-24,The Citadel,101.2,110.1,0.2757,33.7
2023-24,New Mexico St.,99.6,108.3,0.275,32.7
2023-24,New Hampshire,98.0,106.8,0.2713,29.8
2023-24,Presbyterian,101.6,110.7,0.2713,36.8
2023-24,Kennesaw St.,103.7,113.1,0.2708,35.4
2023-24,Oral Roberts,102.1,111.5,0.266,26.0
2023-24,USC Upstate,99.3,108.5,0.2654,29.5
2023-24,Denver,105.9,115.9,0.263,35.0
2023-24,Wagner,96.2,105.3,0.2625,26.4
2023-24,DePaul,101.3,111.0,0.2583,33.5
2023-24,Niagara,101.5,111.3,0.2577,36.0
2023-24,Sacred Heart,101.4,111.4,0.2516,31.7
2023-24,SIU Edwardsville,100.2,110.3,0.2494,31.9
2023-24,FIU,100.2,110.3,0.2493,28.4
2023-24,Alcorn St.,105.7,116.5,0.2462,37.4
2023-24,Boston University,98.2,108.2,0.246,30.2
2023-24,Valparaiso,99.6,109.9,0.2437,23.3
2023-24,Tennessee St.,98.0,108.2,0.2427,38.1
2023-24,Louisiana Monroe,100.0,110.5,0.2414,38.4
2023-24,Chicago St.,98.6,108.9,0.2407,38.2
2023-24,Old Dominion,98.1,108.4,0.2397,27.1
2023-24,South Carolina St.,98.0,108.5,0.2374,36.5
2023-24,Delaware St.,95.1,105.3,0.236,39.5
2023-24,American,102.4,113.5,0.235,28.4
2023-24,Jacksonville,98.9,109.8,0.2314,36.3
2023-24,Northern Illinois,101.5,112.8,0.2286,36.2
2023-24,Bellarmine,100.1,111.4,0.2269,21.4
2023-24,Campbell,100.6,112.2,0.2224,33.7
2023-24,Jackson St.,100.2,111.7,0.2221,34.7
2023-24,Le Moyne,98.8,110.3,0.2189,25.3
2023-24,Bethune Cookman,97.2,108.7,0.217,38.2
2023-24,Elon,101.4,113.7,0.2121,32.8
2023-24,Southeastern Louisiana,97.8,109.9,0.2084,35.0
2023-24,Sacramento St.,97.9,110.0,0.2072,32.9
2023-24,William & Mary,100.0,112.6,0.2037,31.9
2023-24,Idaho,98.5,111.1,0.1998,26.7
2023-24,Coastal Carolina,98.7,111.3,0.1992,32.5
2023-24,South Dakota,103.5,116.9,0.1978,30.5
2023-24,Robert Morris,100.0,113.1,0.1959,28.0
2023-24,Western Michigan,98.3,111.4,0.1916,31.5
2023-24,Northern Arizona,98.2,111.4,0.1904,31.1
2023-24,Alabama St.,92.4,105.0,0.1876,28.5
2023-24,Eastern Illinois,95.5,108.8,0.1836,27.2
2023-24,Charleston Southern,93.7,107.1,0.1778,31.2
2023-24,Northwestern St.,97.2,111.3,0.1741,36.7
2023-24,Eastern Michigan,96.5,110.5,0.1738,25.0
2023-24,Lafayette,93.1,106.9,0.1706,23.9
2023-24,Alabama A&M,93.4,107.9,0.1598,47.2
2023-24,Southern Indiana,96.7,111.7,0.1589,37.6
2023-24,Navy,95.9,111.1,0.1556,34.8
2023-24,NJIT,97.8,113.7,0.1507,31.2
2023-24,Arkansas Pine Bluff,101.6,118.3,0.1471,40.2
2023-24,Hampton,95.5,111.3,0.1465,29.4
2023-24,Dartmouth,93.7,109.6,0.1406,27.8
2023-24,UT Rio Grande Valley,94.8,111.0,0.1403,41.2
2023-24,New Orleans,97.9,114.7,0.1403,39.2
2023-24,Fairleigh Dickinson,96.0,112.9,0.1332,34.9
2023-24,Morgan St.,96.6,113.8,0.1319,31.3
2023-24,Manhattan,95.1,112.3,0.1295,22.1
2023-24,Central Arkansas,96.7,114.2,0.1289,29.3
2023-24,East Texas A&M,94.4,112.1,0.1228,30.8
2023-24,Florida A&M,92.1,109.9,0.1165,28.0
2023-24,LIU,93.2,111.2,0.116,31.5
2023-24,Cal Poly,93.9,112.2,0.1148,31.3
2023-24,Prairie View A&M,93.6,112.1,0.1112,36.9
2023-24,North Carolina A&T,95.2,114.1,0.1111,34.0
2023-24,Loyola MD,93.8,112.4,0.1108,30.0
2023-24,Tennessee Tech,94.5,113.4,0.1095,31.0
2023-24,Buffalo,95.2,114.2,0.1094,26.0
2023-24,Detroit Mercy,96.8,116.2,0.1093,30.3
2023-24,Incarnate Word,95.4,114.9,0.1056,37.1
2023-24,Army,90.7,109.3,0.1053,25.4
2023-24,Holy Cross,99.5,121.1,0.0949,25.9
2023-24,Maryland Eastern Shore,89.3,109.5,0.0879,32.7
2023-24,Pacific,94.8,116.9,0.0827,37.1
2023-24,Southeast Missouri St.,90.6,112.0,0.0806,27.0
2023-24,Lindenwood,91.6,113.6,0.0779,38.3
2023-24,Houston Christian,96.8,120.1,0.0771,36.8
2023-24,Siena,90.4,112.8,0.0727,30.8
2023-24,Stonehill,90.9,114.5,0.0656,22.6
2023-24,VMI,87.9,110.8,0.0654,27.6
2023-24,IU Indy,92.7,117.2,0.0635,33.2
2023-24,Saint Francis,93.5,118.1,0.0634,32.6
2023-24,Coppin St.,85.3,111.3,0.045,31.1
2023-24,Mississippi Valley St.,85.9,115.9,0.0311,33.0
2024-25,Houston,124.7,87.3,0.9836,27.2
2024-25,Duke,130.6,92.0,0.9824,32.9
2024-25,Auburn,127.7,93.0,0.9746,33.9
2024-25,Florida,127.8,94.2,0.9709,34.9
2024-25,Alabama,127.7,96.6,0.9612,39.3
2024-25,Tennessee,120.2,91.9,0.9563,35.5
2024-25,Texas Tech,126.1,97.6,0.9501,29.2
2024-25,Gonzaga,124.8,96.7,0.9494,30.7
2024-25,Maryland,118.6,92.1,0.9484,33.1
2024-25,Arizona,124.9,97.4,0.9459,35.8
2024-25,Iowa St.,119.3,93.3,0.9441,37.9
2024-25,Wisconsin,123.1,96.8,0.941,34.2
2024-25,Michigan St.,117.3,92.3,0.9399,37.7
2024-25,BYU,126.8,100.2,0.9373,30.4
2024-25,Purdue,125.6,99.4,0.9366,34.6
2024-25,St. John's,113.0,90.0,0.9314,30.3
2024-25,Kentucky,123.4,98.5,0.9305,35.2
2024-25,UCLA,117.9,94.3,0.9288,32.3
2024-25,Illinois,122.5,98.5,0.9248,34.4
2024-25,Missouri,125.9,101.2,0.9247,47.1
2024-25,Kansas,116.0,93.7,0.921,24.4
2024-25,Michigan,115.7,93.9,0.9166,35.7
2024-25,Texas A&M,116.0,94.2,0.9165,41.3
2024-25,Louisville,118.0,95.9,0.9151,33.7
2024-25,Mississippi,119.3,97.0,0.9146,35.3
2024-25,Clemson,117.3,95.5,0.9137,28.3
2024-25,Saint Mary's,114.1,93.0,0.9137,31.1
2024-25,Oregon,116.5,96.2,0.8998,33.0
2024-25,Baylor,121.3,100.3,0.899,30.5
2024-25,Marquette,116.5,97.0,0.8909,25.9
2024-25,Creighton,118.4,98.7,0.8904,28.6
2024-25,VCU,116.0,96.7,0.89,31.5
2024-25,North Carolina,119.3,99.8,0.886,34.8
2024-25,Georgia,115.7,97.0,0.8844,40.1
2024-25,Mississippi St.,118.4,99.2,0.8842,31.5
2024-25,Connecticut,120.8,101.2,0.8841,30.8
2024-25,West Virginia,110.1,92.4,0.882,25.6
2024-25,Arkansas,113.7,95.5,0.8815,35.6
2024-25,Colorado St.,117.4,99.0,0.8767,31.6
2024-25,Xavier,116.8,99.0,0.8709,36.7
2024-25,Ohio St.,117.5,99.7,0.8691,35.8
2024-25,New Mexico,112.3,95.4,0.8669,37.3
2024-25,Vanderbilt,118.6,101.1,0.862,33.4
2024-25,Cincinnati,111.9,95.6,0.8589,23.1
2024-25,Texas,117.4,101.0,0.8497,36.8
2024-25,Santa Clara,116.6,100.3,0.8495,28.4
2024-25,Northwestern,113.6,97.9,0.8476,31.3
2024-25,Boise St.,116.1,100.2,0.8443,37.6
2024-25,UC San Diego,113.0,97.5,0.8439,33.4
2024-25,Indiana,113.1,97.7,0.8435,33.1
2024-25,Oklahoma,116.8,100.9,0.8435,39.9
2024-25,Drake,113.1,97.7,0.8428,42.7
2024-25,Villanova,119.0,102.9,0.8422,29.2
2024-25,Utah St.,121.3,105.4,0.8336,37.0
2024-25,SMU,116.2,101.1,0.8321,36.7
2024-25,USC,116.6,101.5,0.8311,35.5
2024-25,Nebraska,113.4,98.8,0.8295,35.5
2024-25,McNeese St.,113.9,99.7,0.8216,35.3
2024-25,Kansas St.,109.3,96.1,0.8147,27.6
2024-25,San Diego St.,108.9,95.8,0.8132,32.3
2024-25,Penn St.,114.4,100.8,0.8106,37.9
2024-25,Liberty,112.1,99.1,0.8053,30.3
2024-25,Memphis,112.1,99.3,0.8015,39.3
2024-25,Iowa,120.0,106.5,0.7969,26.0
2024-25,San Francisco,111.2,98.8,0.796,34.7
2024-25,Rutgers,116.4,104.0,0.7862,36.2
2024-25,Arizona St.,113.3,101.3,0.7836,36.2
2024-25,Utah,112.7,100.8,0.7827,36.8
2024-25,UCF,116.0,104.0,0.7785,35.6
2024-25,North Texas,109.7,98.9,0.7681,35.3
2024-25,Wake Forest,107.7,97.4,0.7608,36.1
2024-25,Pittsburgh,113.9,103.1,0.7599,34.2
2024-25,George Mason,106.3,96.3,0.7577,42.7
2024-25,TCU,106.3,96.3,0.7562,33.5
2024-25,South Carolina,110.1,99.8,0.7558,43.3
2024-25,Stanford,112.5,102.5,0.7449,29.9
2024-25,Butler,117.0,106.7,0.7423,36.8
2024-25,Yale,114.0,104.1,0.7395,31.8
2024-25,Dayton,114.9,105.4,0.7305,37.4
2024-25,LSU,108.7,99.8,0.7269,32.5
2024-25,High Point,117.7,108.2,0.7258,37.2
2024-25,Colorado,108.4,99.6,0.7251,35.8
2024-25,Saint Joseph's,109.7,100.9,0.723,31.7
2024-25,Minnesota,110.2,101.4,0.7218,31.5
2024-25,UC Irvine,105.8,97.4,0.7218,36.0
2024-25,Bradley,111.8,103.1,0.7161,32.4
2024-25,Oklahoma St.,108.0,99.7,0.7154,41.0
2024-25,Arkansas St.,111.0,102.7,0.7097,33.1
2024-25,Nevada,112.2,104.2,0.7013,37.3
2024-25,Grand Canyon,107.9,100.2,0.7011,43.6
2024-25,Oregon St.,115.8,108.0,0.6921,38.7
2024-25,UNLV,106.7,99.5,0.6915,35.8
2024-25,Loyola Chicago,108.9,101.8,0.6863,31.6
2024-25,UAB,116.5,108.9,0.6831,31.3
2024-25,Florida St.,107.8,100.9,0.6799,39.4
2024-25,Georgetown,107.6,101.1,0.6718,25.6
2024-25,Virginia,111.4,104.7,0.6693,26.4
2024-25,Troy,106.5,100.3,0.6676,37.0
2024-25,St. Bonaventure,105.7,99.4,0.6675,30.6
2024-25,Akron,113.5,106.9,0.6659,27.0
2024-25,Notre Dame,110.4,104.1,0.6625,31.8
2024-25,Georgia Tech,106.9,100.9,0.6588,30.7
2024-25,Washington St.,113.1,106.9,0.6563,32.7
2024-25,Northern Iowa,108.6,102.9,0.6504,35.1
2024-25,New Mexico St.,104.8,99.3,0.6496,34.5
2024-25,Lipscomb,110.0,104.3,0.6477,31.2
2024-25,Providence,110.8,105.1,0.6468,29.6
2024-25,UNC Wilmington,112.3,106.7,0.6447,37.4
2024-25,Syracuse,111.0,105.6,0.6402,33.1
2024-25,Washington,109.8,104.5,0.6372,34.5
2024-25,St. Thomas,114.1,108.9,0.6301,34.0
2024-25,Kent St.,106.5,101.7,0.6293,30.2
2024-25,Utah Valley,106.9,102.2,0.6268,42.0
2024-25,DePaul,108.8,104.2,0.623,27.8
2024-25,Florida Atlantic,112.5,107.7,0.6228,33.3
2024-25,N.C. State,107.7,103.2,0.6223,32.3
2024-25,Northern Colorado,112.2,107.4,0.6209,33.0
2024-25,Middle Tennessee,108.8,104.4,0.6163,32.4
2024-25,Chattanooga,115.2,110.6,0.6157,30.9
2024-25,George Washington,107.1,103.1,0.6074,41.0
2024-25,Illinois St.,113.0,108.8,0.6065,31.9
2024-25,Saint Louis,109.0,105.0,0.6061,30.0
2024-25,North Dakota St.,115.5,111.4,0.6045,32.6
2024-25,Jacksonville St.,108.7,104.8,0.6022,31.8
2024-25,Belmont,112.2,108.3,0.6012,26.1
2024-25,North Alabama,110.9,107.0,0.6011,31.0
2024-25,California,110.0,106.2,0.6007,38.9
2024-25,Cornell,114.9,111.0,0.5972,28.6
2024-25,Kennesaw St.,107.3,103.9,0.5933,38.8
2024-25,South Alabama,106.9,103.5,0.5893,33.6
2024-25,Duquesne,106.4,103.2,0.5868,30.0
2024-25,Nebraska Omaha,112.1,109.1,0.5778,36.0
2024-25,South Dakota St.,109.8,106.9,0.5765,31.2
2024-25,Montana,111.9,109.0,0.5737,35.6
2024-25,Louisiana Tech,107.8,105.2,0.5676,35.0
2024-25,Furman,110.2,107.8,0.5633,34.6
2024-25,Wichita St.,106.5,104.3,0.5604,34.9
2024-25,Texas A&M Corpus Chris,106.8,104.6,0.5587,36.7
2024-25,Robert Morris,106.7,104.6,0.5579,37.6
2024-25,Wofford,112.0,109.9,0.5524,30.6
2024-25,Cal St. Northridge,107.5,105.6,0.5508,35.6
2024-25,Seattle,103.0,101.3,0.5482,42.3
2024-25,Miami OH,108.2,106.5,0.5456,28.1
2024-25,Davidson,109.1,107.6,0.5422,29.2
2024-25,Samford,110.9,109.3,0.5419,29.4
2024-25,Tulane,107.9,106.5,0.5386,35.3
2024-25,UTEP,105.8,104.3,0.5385,37.0
2024-25,Virginia Tech,106.1,105.2,0.5263,30.8
2024-25,Loyola Marymount,104.4,103.6,0.5206,29.0
2024-25,Nicholls St.,106.3,105.6,0.5179,33.1
2024-25,Murray St.,105.3,104.7,0.517,41.2
2024-25,Lamar,102.3,101.7,0.5161,29.0
2024-25,UC Santa Barbara,108.5,108.0,0.5135,29.7
2024-25,Bryant,106.0,105.5,0.5129,29.9
2024-25,Milwaukee,106.8,106.3,0.5125,38.0
2024-25,Radford,110.0,109.5,0.5123,41.3
2024-25,James Madison,110.6,110.3,0.5077,30.4
2024-25,Sam Houston St.,110.7,110.5,0.507,36.3
2024-25,Cleveland St.,104.3,104.1,0.5053,30.8
2024-25,San Jose St.,106.6,106.6,0.4999,31.8
2024-25,Charleston,105.3,105.3,0.4993,34.6
2024-25,Temple,110.5,110.6,0.4965,45.2
2024-25,Cal Baptist,104.9,105.1,0.4951,29.7
2024-25,Western Kentucky,103.2,103.5,0.4931,32.1
2024-25,Rhode Island,107.7,108.1,0.4889,41.1
2024-25,Purdue Fort Wayne,108.0,108.5,0.4865,29.1
2024-25,Appalachian St.,100.7,101.2,0.4852,35.1
2024-25,Marshall,106.0,106.7,0.4827,34.8
2024-25,Winthrop,107.5,108.2,0.4827,47.7
2024-25,East Tennessee St.,105.0,105.7,0.4813,33.2
2024-25,Towson,106.3,107.0,0.4803,28.4
2024-25,UC Riverside,109.6,110.4,0.4794,28.0
2024-25,UNC Greensboro,105.4,106.2,0.4779,29.8
2024-25,Southern Illinois,106.5,107.8,0.4663,34.2
2024-25,Dartmouth,100.6,101.9,0.4633,30.3
2024-25,Boston College,105.0,106.5,0.4599,31.5
2024-25,Rice,106.4,108.0,0.4583,43.3
2024-25,Ohio,106.8,108.5,0.4559,33.5
2024-25,Drexel,104.0,105.8,0.4522,24.2
2024-25,Florida Gulf Coast,106.6,108.5,0.4486,23.2
2024-25,UTSA,107.1,109.1,0.4477,29.0
2024-25,Oakland,106.7,108.7,0.4469,31.7
2024-25,South Carolina St.,102.6,104.6,0.4467,42.9
2024-25,Miami FL,112.6,114.7,0.4463,26.4
2024-25,Eastern Kentucky,109.3,111.4,0.4457,26.0
2024-25,Montana St.,104.9,107.0,0.4429,31.9
2024-25,East Carolina,106.5,108.7,0.4424,35.2
2024-25,Cal Poly,108.9,111.1,0.4412,26.8
2024-25,Illinois Chicago,105.7,107.9,0.4411,35.1
2024-25,Portland St.,100.8,103.1,0.4372,34.3
2024-25,Central Connecticut,99.3,101.7,0.4301,25.9
2024-25,Wyoming,103.1,105.7,0.4279,30.4
2024-25,Northeastern,104.1,106.8,0.4265,28.0
2024-25,Norfolk St.,106.8,109.7,0.4239,38.4
2024-25,Southeast Missouri St.,101.7,104.5,0.4233,28.9
2024-25,Indiana St.,109.2,112.2,0.4228,35.9
2024-25,Merrimack,98.7,101.5,0.4191,24.4
2024-25,Brown,102.5,105.6,0.4161,28.0
2024-25,Abilene Christian,98.3,101.3,0.4135,37.2
2024-25,Pepperdine,106.7,110.0,0.4135,31.6
2024-25,Missouri St.,102.2,105.4,0.4118,34.3
2024-25,Southeastern Louisiana,104.6,108.0,0.4093,34.7
2024-25,Youngstown St.,102.6,106.0,0.4087,36.4
2024-25,Hampton,103.6,107.0,0.4076,30.3
2024-25,Texas St.,108.6,112.2,0.407,36.0
2024-25,UT Rio Grande Valley,105.6,109.2,0.4031,22.7
2024-25,Valparaiso,105.9,109.7,0.4024,33.6
2024-25,Queens,106.7,110.6,0.3974,34.2
2024-25,Wright St.,109.2,113.4,0.3954,27.0
2024-25,Princeton,103.6,107.5,0.3948,24.6
2024-25,Northwestern St.,103.0,106.9,0.3934,32.2
2024-25,Incarnate Word,107.3,111.4,0.3928,28.8
2024-25,Southern,98.9,102.8,0.3919,38.1
2024-25,South Florida,102.2,106.2,0.3916,34.9
2024-25,Idaho St.,105.8,110.0,0.3915,34.4
2024-25,Quinnipiac,102.0,106.2,0.3869,31.1
2024-25,Jacksonville,101.0,105.2,0.3848,28.5
2024-25,Bucknell,103.4,107.8,0.3835,36.7
2024-25,La Salle,103.4,107.7,0.3831,31.4
2024-25,Central Michigan,105.0,109.5,0.3815,35.8
2024-25,Seton Hall,97.3,101.6,0.3796,32.9
2024-25,William & Mary,106.8,111.5,0.3784,35.6
2024-25,Massachusetts,101.5,106.4,0.3681,34.0
2024-25,SIU Edwardsville,101.0,105.9,0.3679,33.1
2024-25,Fordham,106.3,111.4,0.3674,32.8
2024-25,Hofstra,97.9,102.7,0.3653,25.3
2024-25,Vermont,99.9,104.9,0.363,29.8
2024-25,Longwood,105.1,110.5,0.3597,45.4
2024-25,UMKC,100.6,105.8,0.359,30.9
2024-25,Delaware,109.2,114.9,0.3588,30.0
2024-25,Campbell,101.3,106.5,0.3587,29.7
2024-25,UNC Asheville,107.1,112.7,0.3582,34.4
2024-25,Richmond,103.5,108.9,0.3581,29.7
2024-25,Tennessee St.,103.1,108.5,0.3571,41.4
2024-25,Elon,106.5,112.1,0.3557,38.7
2024-25,Maine,99.2,104.5,0.3536,28.2
2024-25,South Dakota,108.5,114.4,0.3523,45.4
2024-25,Harvard,102.2,107.9,0.3474,24.4
2024-25,Northern Kentucky,103.2,109.0,0.3467,31.3
2024-25,Hawaii,102.0,108.0,0.3403,39.9
2024-25,Iona,99.7,105.6,0.3401,27.9
2024-25,UT Arlington,106.5,112.8,0.3399,37.0
2024-25,Tulsa,102.1,108.2,0.3395,34.2
2024-25,Georgia St.,107.5,113.9,0.338,33.8
2024-25,Georgia Southern,103.2,109.6,0.3347,26.5
2024-25,Sacred Heart,105.2,111.7,0.334,26.3
2024-25,North Dakota,107.8,114.5,0.3327,33.6
2024-25,Portland,106.4,113.6,0.3207,32.2
2024-25,American,101.7,108.7,0.3183,29.0
2024-25,Toledo,111.2,118.8,0.3182,35.5
2024-25,Northern Arizona,104.3,111.6,0.3154,28.5
2024-25,Idaho,107.9,115.4,0.314,33.6
2024-25,Presbyterian,103.3,110.6,0.313,31.1
2024-25,Little Rock,98.3,105.3,0.311,29.0
2024-25,Jackson St.,100.4,107.6,0.3103,37.5
2024-25,UC Davis,97.2,104.2,0.3103,38.3
2024-25,Evansville,98.5,105.7,0.3087,31.1
2024-25,Houston Christian,100.7,108.2,0.3047,30.5
2024-25,Manhattan,108.0,116.0,0.3046,31.8
2024-25,Mount St. Mary's,100.3,107.7,0.3043,30.5
2024-25,East Texas A&M,99.8,107.4,0.3015,28.0
2024-25,Monmouth,104.1,112.1,0.3003,36.7
2024-25,Cal St. Bakersfield,105.1,113.2,0.2984,34.5
2024-25,UMass Lowell,107.5,115.9,0.2971,31.6
2024-25,Charlotte,104.5,112.7,0.296,42.7
2024-25,Eastern Michigan,104.8,113.2,0.2925,33.0
2024-25,Fresno St.,100.5,108.6,0.2907,36.4
2024-25,Alabama St.,100.9,109.3,0.285,29.1
2024-25,Siena,102.2,110.7,0.2838,37.3
2024-25,FIU,96.0,104.1,0.2832,36.0
2024-25,Gardner Webb,102.4,111.0,0.283,36.2
2024-25,Denver,100.2,108.7,0.2829,31.6
2024-25,Ball St.,103.5,112.3,0.2816,44.5
2024-25,Bowling Green,99.8,108.6,0.275,34.5
2024-25,North Florida,107.8,117.3,0.2744,24.8
2024-25,Colgate,104.0,113.3,0.2732,22.6
2024-25,Stephen F. Austin,96.1,104.7,0.271,32.3
2024-25,Albany,103.4,112.8,0.2703,29.5
2024-25,Western Michigan,102.3,111.6,0.2691,31.0
2024-25,Mercer,98.4,107.5,0.2646,29.8
2024-25,LIU,95.3,104.2,0.2627,27.6
2024-25,Pacific,100.8,110.4,0.2599,32.8
2024-25,Texas Southern,95.7,105.0,0.2548,28.9
2024-25,Eastern Washington,102.0,112.0,0.253,31.1
2024-25,Marist,96.8,106.6,0.2494,22.4
2024-25,Tennessee Martin,102.2,112.7,0.2445,34.4
2024-25,Navy,101.3,111.9,0.241,33.8
2024-25,Tarleton St.,93.1,102.9,0.2409,41.5
2024-25,Austin Peay,101.9,112.9,0.2365,28.9
2024-25,Tennessee Tech,101.3,112.3,0.2355,28.8
2024-25,Saint Peter's,95.4,105.6,0.2354,34.7
2024-25,Old Dominion,99.7,110.7,0.2303,30.9
2024-25,Weber St.,100.9,112.1,0.2299,34.7
2024-25,Air Force,98.7,109.7,0.2289,35.4
2024-25,San Diego,100.0,111.3,0.2271,30.5
2024-25,Bethune Cookman,97.7,108.7,0.2268,35.9
2024-25,Lafayette,97.8,108.9,0.2262,30.5
2024-25,Oral Roberts,103.7,115.8,0.2196,35.0
2024-25,Columbia,104.4,116.6,0.2195,29.5
2024-25,Saint Francis,100.2,112.0,0.2193,24.0
2024-25,Lehigh,99.8,111.7,0.215,31.5
2024-25,Louisiana,98.0,109.7,0.215,29.8
2024-25,Fairleigh Dickinson,98.2,110.0,0.214,32.1
2024-25,Utah Tech,101.8,114.1,0.2119,33.7
2024-25,Howard,103.1,115.6,0.2105,35.7
2024-25,Penn,103.2,116.1,0.2061,28.9
2024-25,Southern Miss,96.9,108.9,0.2056,33.8
2024-25,IU Indy,109.6,123.3,0.2044,34.1
2024-25,Rider,102.1,115.1,0.2025,29.6
2024-25,Loyola MD,100.0,112.8,0.2002,29.3
2024-25,Eastern Illinois,93.7,105.8,0.1985,33.0
2024-25,Charleston Southern,99.2,112.1,0.1965,43.9
2024-25,Army,100.3,113.4,0.1948,26.1
2024-25,VMI,98.5,111.6,0.193,37.5
2024-25,Boston University,98.5,111.6,0.1915,30.7
2024-25,Coastal Carolina,101.3,114.9,0.1907,34.4
2024-25,UMBC,105.1,119.2,0.1903,31.6
2024-25,Long Beach St.,100.6,114.1,0.1903,35.5
2024-25,Delaware St.,101.1,114.7,0.1902,36.3
2024-25,Grambling St.,95.8,108.7,0.19,35.1
2024-25,Binghamton,98.8,112.2,0.1893,33.7
2024-25,Lindenwood,94.9,107.7,0.1879,36.0
2024-25,Morehead St.,98.3,112.0,0.1823,37.6
2024-25,Florida A&M,102.2,116.5,0.1819,36.7
2024-25,North Carolina Central,102.5,117.0,0.1797,39.8
2024-25,Alcorn St.,97.6,111.5,0.1787,30.4
2024-25,Southern Utah,96.1,109.7,0.1781,36.2
2024-25,Green Bay,101.1,115.6,0.1767,37.0
2024-25,Stonehill,100.5,115.0,0.1745,31.4
2024-25,Niagara,100.9,115.5,0.1742,30.4
2024-25,Holy Cross,101.0,116.1,0.1672,22.2
2024-25,Mercyhurst,100.4,116.0,0.1599,30.9
2024-25,Stony Brook,101.6,117.8,0.1542,31.6
2024-25,USC Upstate,99.2,115.1,0.1531,30.4
2024-25,Fairfield,97.5,113.3,0.1522,25.4
2024-25,Southern Indiana,98.7,114.9,0.1495,30.7
2024-25,Morgan St.,100.5,117.2,0.1465,35.7
2024-25,North Carolina A&T,96.6,112.8,0.1437,31.2
2024-25,Wagner,93.1,108.8,0.1431,29.3
2024-25,Bellarmine,103.4,121.1,0.1402,26.5
2024-25,Western Illinois,99.7,116.9,0.1381,27.2
2024-25,Western Carolina,95.6,112.4,0.1346,27.0
2024-25,New Orleans,99.6,117.4,0.1318,33.9
2024-25,Detroit Mercy,95.2,112.3,0.1303,28.9
2024-25,Louisiana Monroe,96.9,114.6,0.1271,31.1
2024-25,Buffalo,95.9,113.5,0.125,32.7
2024-25,Le Moyne,103.0,122.2,0.1229,37.7
2024-25,West Georgia,96.9,115.1,0.1213,28.8
2024-25,Northern Illinois,94.4,112.2,0.1203,31.6
2024-25,Sacramento St.,95.5,113.9,0.1157,31.3
2024-25,Central Arkansas,97.4,117.4,0.1048,28.8
2024-25,NJIT,94.3,113.8,0.1029,27.4
2024-25,Stetson,98.9,119.8,0.0997,33.1
2024-25,Canisius,99.4,121.2,0.0927,23.3
2024-25,Cal St. Fullerton,91.9,112.4,0.09,39.2
2024-25,Prairie View A&M,96.3,117.9,0.0887,33.8
2024-25,New Hampshire,94.1,115.2,0.0885,26.4
2024-25,Alabama A&M,92.9,114.9,0.0798,38.6
2024-25,Maryland Eastern Shore,95.3,119.0,0.0724,35.6
2024-25,The Citadel,94.0,117.6,0.0705,32.8
2024-25,Chicago St.,92.8,116.4,0.0688,26.8
2024-25,Arkansas Pine Bluff,95.3,121.8,0.0563,32.8
2024-25,Coppin St.,88.0,112.6,0.0556,36.4
2024-25,Mississippi Valley St.,83.1,125.3,0.0088,30.3
